campaign_date,team_id,settlement_id,ward_code,lga_name,target_population_under5,doses_administered
2026-03-09,T01,S00033,W001,Idi-Oro,31,23
2026-03-09,T01,S02144,W033,Katsuma,40,23
2026-03-09,T01,S00071,W001,Idi-Oro,177,107
2026-03-09,T01,S00070,W001,Idi-Oro,49,31
2026-03-09,T01,S02110,W033,Katsuma,32,22
2026-03-09,T01,S02122,W033,Katsuma,29,26
2026-03-09,T01,S00010,W001,Idi-Oro,371,334
2026-03-09,T01,S02152,W033,Katsuma,512,483
2026-03-09,T01,S00086,W001,Idi-Oro,427,315
2026-03-09,T01,S02147,W033,Katsuma,23,20
2026-03-09,T01,S00003,W001,Idi-Oro,61,40
2026-03-09,T01,S02150,W033,Katsuma,16,12
2026-03-09,T01,S00029,W001,Idi-Oro,69,44
2026-03-09,T01,S00002,W001,Idi-Oro,538,542
2026-03-09,T01,S02154,W033,Katsuma,81,74
2026-03-09,T01,S00068,W001,Idi-Oro,109,99
2026-03-09,T01,S02151,W033,Katsuma,80,61
2026-03-09,T01,S02116,W033,Katsuma,21,14
2026-03-09,T01,S02105,W033,Katsuma,35,27
2026-03-09,T01,S02114,W033,Katsuma,52,44
2026-03-09,T01,S00030,W001,Idi-Oro,22,13
2026-03-09,T01,S00076,W001,Idi-Oro,423,270
2026-03-09,T01,S02121,W033,Katsuma,67,66
2026-03-09,T01,S00036,W001,Idi-Oro,115,66
2026-03-09,T01,S02113,W033,Katsuma,20,17
2026-03-09,T01,S02103,W033,Katsuma,37,32
2026-03-09,T01,S02158,W033,Katsuma,70,46
2026-03-09,T01,S00120,W001,Idi-Oro,357,316
2026-03-09,T01,S02135,W033,Katsuma,49,43
2026-03-09,T01,S02115,W033,Katsuma,261,242
2026-03-10,T01,S00026,W001,Idi-Oro,21,22
2026-03-10,T01,S02118,W033,Katsuma,17,11
2026-03-10,T01,S02160,W033,Katsuma,9,8
2026-03-10,T01,S00017,W001,Idi-Oro,392,394
2026-03-10,T01,S00031,W001,Idi-Oro,301,178
2026-03-10,T01,S00028,W001,Idi-Oro,104,90
2026-03-10,T01,S00077,W001,Idi-Oro,117,114
2026-03-10,T01,S00014,W001,Idi-Oro,324,227
2026-03-10,T01,S00025,W001,Idi-Oro,121,73
2026-03-10,T01,S00064,W001,Idi-Oro,143,142
2026-03-10,T01,S00037,W001,Idi-Oro,300,255
2026-03-10,T01,S00088,W001,Idi-Oro,1017,1015
2026-03-10,T01,S00011,W001,Idi-Oro,30,26
2026-03-10,T01,S02106,W033,Katsuma,85,63
2026-03-10,T01,S00027,W001,Idi-Oro,101,87
2026-03-10,T01,S00047,W001,Idi-Oro,122,94
2026-03-10,T01,S00048,W001,Idi-Oro,126,90
2026-03-10,T01,S00001,W001,Idi-Oro,145,109
2026-03-10,T01,S00040,W001,Idi-Oro,171,97
2026-03-10,T01,S00035,W001,Idi-Oro,149,115
2026-03-10,T01,S00073,W001,Idi-Oro,369,204
2026-03-10,T01,S00019,W001,Idi-Oro,8,6
2026-03-10,T01,S00058,W001,Idi-Oro,166,163
2026-03-10,T01,S00072,W001,Idi-Oro,725,400
2026-03-10,T01,S02136,W033,Katsuma,13,7
2026-03-10,T01,S02148,W033,Katsuma,99,101
2026-03-10,T01,S00034,W001,Idi-Oro,15,12
2026-03-10,T01,S00108,W001,Idi-Oro,78,56
2026-03-10,T01,S02155,W033,Katsuma,128,132
2026-03-10,T01,S02129,W033,Katsuma,3,2
2026-03-11,T01,S00046,W001,Idi-Oro,31,22
2026-03-11,T01,S00117,W001,Idi-Oro,110,72
2026-03-11,T01,S02124,W033,Katsuma,86,73
2026-03-11,T01,S00032,W001,Idi-Oro,108,62
2026-03-11,T01,S00107,W001,Idi-Oro,516,366
2026-03-11,T01,S02102,W033,Katsuma,46,30
2026-03-11,T01,S00106,W001,Idi-Oro,68,41
2026-03-11,T01,S00012,W001,Idi-Oro,60,40
2026-03-11,T01,S00090,W001,Idi-Oro,37,27
2026-03-11,T01,S00096,W001,Idi-Oro,868,831
2026-03-11,T01,S02162,W033,Katsuma,16,10
2026-03-11,T01,S00100,W001,Idi-Oro,96,61
2026-03-11,T01,S02117,W033,Katsuma,73,42
2026-03-11,T01,S00022,W001,Idi-Oro,58,58
2026-03-11,T01,S00008,W001,Idi-Oro,579,420
2026-03-11,T01,S00091,W001,Idi-Oro,36,20
2026-03-11,T01,S02140,W033,Katsuma,52,39
2026-03-11,T01,S02149,W033,Katsuma,52,30
2026-03-11,T01,S02126,W033,Katsuma,90,66
2026-03-11,T01,S02100,W033,Katsuma,87,68
2026-03-11,T01,S00119,W001,Idi-Oro,63,36
2026-03-11,T01,S00052,W001,Idi-Oro,99,77
2026-03-11,T01,S00053,W001,Idi-Oro,126,121
2026-03-11,T01,S00018,W001,Idi-Oro,107,71
2026-03-11,T01,S00007,W001,Idi-Oro,378,235
2026-03-11,T01,S02137,W033,Katsuma,37,25
2026-03-11,T01,S00105,W001,Idi-Oro,381,319
2026-03-11,T01,S00080,W001,Idi-Oro,117,98
2026-03-11,T01,S02104,W033,Katsuma,24,23
2026-03-11,T01,S02131,W033,Katsuma,52,38
2026-03-12,T01,S02157,W033,Katsuma,21,21
2026-03-12,T01,S00079,W001,Idi-Oro,11,8
2026-03-12,T01,S00074,W001,Idi-Oro,68,42
2026-03-12,T01,S00044,W001,Idi-Oro,60,49
2026-03-12,T01,S00041,W001,Idi-Oro,92,80
2026-03-12,T01,S00043,W001,Idi-Oro,188,149
2026-03-12,T01,S02139,W033,Katsuma,4,4
2026-03-12,T01,S02156,W033,Katsuma,27,29
2026-03-12,T01,S00020,W001,Idi-Oro,1364,1239
2026-03-12,T01,S00016,W001,Idi-Oro,344,192
2026-03-12,T01,S00093,W001,Idi-Oro,163,172
2026-03-12,T01,S00112,W001,Idi-Oro,93,91
2026-03-12,T01,S00050,W001,Idi-Oro,225,159
2026-03-12,T01,S00061,W001,Idi-Oro,12,9
2026-03-12,T01,S02107,W033,Katsuma,66,52
2026-03-12,T01,S00116,W001,Idi-Oro,43,42
2026-03-12,T01,S02111,W033,Katsuma,17,13
2026-03-12,T01,S00066,W001,Idi-Oro,364,231
2026-03-12,T01,S00013,W001,Idi-Oro,150,157
2026-03-12,T01,S00038,W001,Idi-Oro,157,152
2026-03-12,T01,S02125,W033,Katsuma,72,70
2026-03-12,T01,S00015,W001,Idi-Oro,36,33
2026-03-12,T01,S02134,W033,Katsuma,77,79
2026-03-12,T01,S02133,W033,Katsuma,20,12
2026-03-12,T01,S02146,W033,Katsuma,50,53
2026-03-12,T01,S00005,W001,Idi-Oro,62,40
2026-03-12,T01,S00103,W001,Idi-Oro,48,42
2026-03-12,T01,S02130,W033,Katsuma,21,14
2026-03-12,T01,S00006,W001,Idi-Oro,69,65
2026-03-12,T01,S00065,W001,Idi-Oro,39,24
2026-03-13,T01,S00059,W001,Idi-Oro,63,40
2026-03-13,T01,S00069,W001,Idi-Oro,494,380
2026-03-13,T01,S00063,W001,Idi-Oro,137,98
2026-03-13,T01,S00097,W001,Idi-Oro,534,402
2026-03-13,T01,S00062,W001,Idi-Oro,34,21
2026-03-13,T01,S00089,W001,Idi-Oro,106,59
2026-03-13,T01,S00109,W001,Idi-Oro,29,18
2026-03-13,T01,S00110,W001,Idi-Oro,54,35
2026-03-13,T01,S00021,W001,Idi-Oro,246,177
2026-03-13,T01,S00023,W001,Idi-Oro,179,102
2026-03-13,T01,S00118,W001,Idi-Oro,92,55
2026-03-13,T01,S00057,W001,Idi-Oro,368,240
2026-03-13,T01,S00054,W001,Idi-Oro,173,123
2026-03-13,T01,S02161,W033,Katsuma,59,50
2026-03-13,T01,S00104,W001,Idi-Oro,77,68
2026-03-13,T01,S00113,W001,Idi-Oro,241,217
2026-03-13,T01,S02127,W033,Katsuma,162,171
2026-03-13,T01,S00115,W001,Idi-Oro,54,49
2026-03-13,T01,S00051,W001,Idi-Oro,129,79
2026-03-13,T01,S00067,W001,Idi-Oro,29,22
2026-03-13,T01,S00087,W001,Idi-Oro,44,45
2026-03-13,T01,S02123,W033,Katsuma,49,42
2026-03-13,T01,S00101,W001,Idi-Oro,495,472
2026-03-13,T01,S02128,W033,Katsuma,10,10
2026-03-13,T01,S00102,W001,Idi-Oro,38,39
2026-03-13,T01,S00082,W001,Idi-Oro,88,62
2026-03-13,T01,S00084,W001,Idi-Oro,104,59
2026-03-13,T01,S00083,W001,Idi-Oro,236,148
2026-03-13,T01,S02109,W033,Katsuma,67,46
2026-03-13,T01,S02112,W033,Katsuma,32,28
2026-03-09,T02,S02205,W034,Katsuma,61,53
2026-03-09,T02,S00206,W002,Idi-Oro,79,50
2026-03-09,T02,S00141,W002,Idi-Oro,36,34
2026-03-09,T02,S00210,W002,Idi-Oro,156,95
2026-03-09,T02,S00151,W002,Idi-Oro,100,72
2026-03-09,T02,S02188,W034,Katsuma,15,15
2026-03-09,T02,S00219,W002,Idi-Oro,175,120
2026-03-09,T02,S00148,W002,Idi-Oro,94,68
2026-03-09,T02,S02207,W034,Katsuma,41,34
2026-03-09,T02,S02214,W034,Katsuma,46,25
2026-03-09,T02,S02215,W034,Katsuma,31,31
2026-03-09,T02,S00129,W002,Idi-Oro,200,187
2026-03-09,T02,S00133,W002,Idi-Oro,33,20
2026-03-09,T02,S00212,W002,Idi-Oro,79,83
2026-03-09,T02,S00121,W002,Idi-Oro,61,56
2026-03-09,T02,S02216,W034,Katsuma,45,46
2026-03-09,T02,S00166,W002,Idi-Oro,521,493
2026-03-09,T02,S00138,W002,Idi-Oro,410,265
2026-03-09,T02,S00150,W002,Idi-Oro,37,34
2026-03-09,T02,S00149,W002,Idi-Oro,90,63
2026-03-09,T02,S00186,W002,Idi-Oro,63,55
2026-03-09,T02,S02187,W034,Katsuma,56,38
2026-03-09,T02,S00164,W002,Idi-Oro,60,46
2026-03-09,T02,S02167,W034,Katsuma,59,41
2026-03-09,T02,S02166,W034,Katsuma,11,9
2026-03-09,T02,S02194,W034,Katsuma,98,100
2026-03-09,T02,S00192,W002,Idi-Oro,94,67
2026-03-10,T02,S00182,W002,Idi-Oro,17,12
2026-03-10,T02,S02168,W034,Katsuma,41,42
2026-03-10,T02,S02196,W034,Katsuma,129,84
2026-03-10,T02,S00165,W002,Idi-Oro,18,15
2026-03-10,T02,S00145,W002,Idi-Oro,311,277
2026-03-10,T02,S00200,W002,Idi-Oro,128,87
2026-03-10,T02,S00131,W002,Idi-Oro,66,43
2026-03-10,T02,S02206,W034,Katsuma,50,52
2026-03-10,T02,S02169,W034,Katsuma,25,15
2026-03-10,T02,S00159,W002,Idi-Oro,270,202
2026-03-10,T02,S00198,W002,Idi-Oro,474,493
2026-03-10,T02,S00158,W002,Idi-Oro,87,51
2026-03-10,T02,S00183,W002,Idi-Oro,221,126
2026-03-10,T02,S00209,W002,Idi-Oro,369,323
2026-03-10,T02,S00213,W002,Idi-Oro,131,121
2026-03-10,T02,S00147,W002,Idi-Oro,49,34
2026-03-10,T02,S00162,W002,Idi-Oro,49,39
2026-03-10,T02,S00180,W002,Idi-Oro,18,11
2026-03-10,T02,S00211,W002,Idi-Oro,212,152
2026-03-10,T02,S00144,W002,Idi-Oro,133,74
2026-03-10,T02,S02189,W034,Katsuma,26,23
2026-03-10,T02,S02195,W034,Katsuma,3,3
2026-03-10,T02,S02210,W034,Katsuma,71,57
2026-03-10,T02,S00207,W002,Idi-Oro,77,70
2026-03-10,T02,S00179,W002,Idi-Oro,392,314
2026-03-10,T02,S00125,W002,Idi-Oro,582,472
2026-03-10,T02,S02198,W034,Katsuma,98,60
2026-03-11,T02,S00152,W002,Idi-Oro,69,67
2026-03-11,T02,S00197,W002,Idi-Oro,89,72
2026-03-11,T02,S00128,W002,Idi-Oro,330,195
2026-03-11,T02,S00135,W002,Idi-Oro,58,39
2026-03-11,T02,S00154,W002,Idi-Oro,64,45
2026-03-11,T02,S00174,W002,Idi-Oro,32,19
2026-03-11,T02,S02211,W034,Katsuma,8,5
2026-03-11,T02,S02213,W034,Katsuma,100,72
2026-03-11,T02,S00139,W002,Idi-Oro,929,540
2026-03-11,T02,S02176,W034,Katsuma,16,9
2026-03-11,T02,S00177,W002,Idi-Oro,118,124
2026-03-11,T02,S02190,W034,Katsuma,7,6
2026-03-11,T02,S02197,W034,Katsuma,5,3
2026-03-11,T02,S02171,W034,Katsuma,83,52
2026-03-11,T02,S02175,W034,Katsuma,48,48
2026-03-11,T02,S02172,W034,Katsuma,88,58
2026-03-11,T02,S00173,W002,Idi-Oro,148,130
2026-03-11,T02,S00160,W002,Idi-Oro,76,67
2026-03-11,T02,S02182,W034,Katsuma,72,46
2026-03-11,T02,S02199,W034,Katsuma,27,22
2026-03-11,T02,S00185,W002,Idi-Oro,179,174
2026-03-11,T02,S02165,W034,Katsuma,15,15
2026-03-11,T02,S00204,W002,Idi-Oro,14,9
2026-03-11,T02,S00203,W002,Idi-Oro,37,21
2026-03-11,T02,S00178,W002,Idi-Oro,255,217
2026-03-11,T02,S02191,W034,Katsuma,11,8
2026-03-11,T02,S00175,W002,Idi-Oro,29,21
2026-03-12,T02,S02173,W034,Katsuma,22,17
2026-03-12,T02,S02204,W034,Katsuma,46,44
2026-03-12,T02,S00142,W002,Idi-Oro,419,394
2026-03-12,T02,S00156,W002,Idi-Oro,64,64
2026-03-12,T02,S00199,W002,Idi-Oro,126,81
2026-03-12,T02,S00201,W002,Idi-Oro,64,48
2026-03-12,T02,S00184,W002,Idi-Oro,71,71
2026-03-12,T02,S00140,W002,Idi-Oro,73,62
2026-03-12,T02,S02177,W034,Katsuma,61,51
2026-03-12,T02,S02185,W034,Katsuma,20,15
2026-03-12,T02,S00168,W002,Idi-Oro,325,255
2026-03-12,T02,S00216,W002,Idi-Oro,40,30
2026-03-12,T02,S00188,W002,Idi-Oro,860,890
2026-03-12,T02,S00123,W002,Idi-Oro,105,110
2026-03-12,T02,S00136,W002,Idi-Oro,107,91
2026-03-12,T02,S00191,W002,Idi-Oro,99,68
2026-03-12,T02,S02203,W034,Katsuma,61,35
2026-03-12,T02,S02170,W034,Katsuma,34,33
2026-03-12,T02,S02192,W034,Katsuma,12,12
2026-03-12,T02,S00124,W002,Idi-Oro,69,62
2026-03-12,T02,S00167,W002,Idi-Oro,137,110
2026-03-12,T02,S00170,W002,Idi-Oro,28,24
2026-03-12,T02,S00146,W002,Idi-Oro,90,71
2026-03-12,T02,S00172,W002,Idi-Oro,14,11
2026-03-12,T02,S00193,W002,Idi-Oro,48,38
2026-03-12,T02,S00202,W002,Idi-Oro,30,26
2026-03-12,T02,S00218,W002,Idi-Oro,85,61
2026-03-13,T02,S02164,W034,Katsuma,10,8
2026-03-13,T02,S00163,W002,Idi-Oro,140,146
2026-03-13,T02,S02179,W034,Katsuma,24,22
2026-03-13,T02,S00157,W002,Idi-Oro,145,84
2026-03-13,T02,S02174,W034,Katsuma,16,9
2026-03-13,T02,S00205,W002,Idi-Oro,89,54
2026-03-13,T02,S02212,W034,Katsuma,40,31
2026-03-13,T02,S00181,W002,Idi-Oro,155,134
2026-03-13,T02,S00130,W002,Idi-Oro,265,192
2026-03-13,T02,S02201,W034,Katsuma,38,21
2026-03-13,T02,S02180,W034,Katsuma,21,14
2026-03-13,T02,S00153,W002,Idi-Oro,574,342
2026-03-13,T02,S00134,W002,Idi-Oro,30,23
2026-03-13,T02,S00189,W002,Idi-Oro,23,15
2026-03-13,T02,S00171,W002,Idi-Oro,422,362
2026-03-13,T02,S00214,W002,Idi-Oro,41,41
2026-03-13,T02,S00217,W002,Idi-Oro,26,24
2026-03-13,T02,S00132,W002,Idi-Oro,109,83
2026-03-13,T02,S00143,W002,Idi-Oro,26,15
2026-03-13,T02,S00155,W002,Idi-Oro,79,47
2026-03-13,T02,S02200,W034,Katsuma,38,35
2026-03-13,T02,S02202,W034,Katsuma,150,85
2026-03-13,T02,S02183,W034,Katsuma,50,33
2026-03-09,T03,S00287,W003,Idi-Oro,35,19
2026-03-09,T03,S02236,W035,Ilela,93,68
2026-03-09,T03,S02249,W035,Ilela,77,69
2026-03-09,T03,S02242,W035,Ilela,26,25
2026-03-09,T03,S00265,W003,Idi-Oro,408,263
2026-03-09,T03,S00252,W003,Idi-Oro,69,62
2026-03-09,T03,S02224,W035,Ilela,79,77
2026-03-09,T03,S00224,W003,Idi-Oro,889,679
2026-03-09,T03,S00226,W003,Idi-Oro,73,67
2026-03-09,T03,S00315,W003,Idi-Oro,59,34
2026-03-09,T03,S02261,W035,Ilela,43,33
2026-03-09,T03,S02275,W035,Ilela,16,9
2026-03-09,T03,S00301,W003,Idi-Oro,65,67
2026-03-09,T03,S00306,W003,Idi-Oro,68,58
2026-03-09,T03,S02228,W035,Ilela,23,24
2026-03-09,T03,S02250,W035,Ilela,83,58
2026-03-09,T03,S02260,W035,Ilela,84,65
2026-03-09,T03,S02255,W035,Ilela,42,27
2026-03-09,T03,S02257,W035,Ilela,20,18
2026-03-09,T03,S00277,W003,Idi-Oro,771,624
2026-03-09,T03,S02219,W035,Ilela,68,56
2026-03-09,T03,S00271,W003,Idi-Oro,165,142
2026-03-09,T03,S00227,W003,Idi-Oro,6,6
2026-03-09,T03,S00298,W003,Idi-Oro,21,18
2026-03-09,T03,S00276,W003,Idi-Oro,93,88
2026-03-09,T03,S00231,W003,Idi-Oro,108,100
2026-03-09,T03,S00326,W003,Idi-Oro,28,17
2026-03-10,T03,S00288,W003,Idi-Oro,59,56
2026-03-10,T03,S02251,W035,Ilela,46,47
2026-03-10,T03,S02226,W035,Ilela,18,15
2026-03-10,T03,S00283,W003,Idi-Oro,24,17
2026-03-10,T03,S00242,W003,Idi-Oro,103,66
2026-03-10,T03,S02270,W035,Ilela,66,66
2026-03-10,T03,S00235,W003,Idi-Oro,422,402
2026-03-10,T03,S00272,W003,Idi-Oro,73,42
2026-03-10,T03,S02239,W035,Ilela,56,49
2026-03-10,T03,S00279,W003,Idi-Oro,251,161
2026-03-10,T03,S02220,W035,Ilela,37,23
2026-03-10,T03,S00300,W003,Idi-Oro,74,74
2026-03-10,T03,S00308,W003,Idi-Oro,23,19
2026-03-10,T03,S00267,W003,Idi-Oro,502,474
2026-03-10,T03,S02271,W035,Ilela,28,22
2026-03-10,T03,S02247,W035,Ilela,27,28
2026-03-10,T03,S00270,W003,Idi-Oro,24,15
2026-03-10,T03,S00303,W003,Idi-Oro,129,120
2026-03-10,T03,S00305,W003,Idi-Oro,9,9
2026-03-10,T03,S00239,W003,Idi-Oro,206,217
2026-03-10,T03,S00295,W003,Idi-Oro,239,204
2026-03-10,T03,S02238,W035,Ilela,53,53
2026-03-10,T03,S00282,W003,Idi-Oro,79,68
2026-03-10,T03,S00249,W003,Idi-Oro,75,75
2026-03-10,T03,S02223,W035,Ilela,99,60
2026-03-10,T03,S02231,W035,Ilela,105,97
2026-03-10,T03,S00281,W003,Idi-Oro,66,45
2026-03-11,T03,S00313,W003,Idi-Oro,169,124
2026-03-11,T03,S00230,W003,Idi-Oro,52,53
2026-03-11,T03,S00284,W003,Idi-Oro,115,68
2026-03-11,T03,S00263,W003,Idi-Oro,60,57
2026-03-11,T03,S02232,W035,Ilela,20,18
2026-03-11,T03,S02274,W035,Ilela,10,10
2026-03-11,T03,S00289,W003,Idi-Oro,96,60
2026-03-11,T03,S02221,W035,Ilela,17,11
2026-03-11,T03,S00302,W003,Idi-Oro,261,202
2026-03-11,T03,S00319,W003,Idi-Oro,757,564
2026-03-11,T03,S02225,W035,Ilela,15,14
2026-03-11,T03,S00240,W003,Idi-Oro,73,56
2026-03-11,T03,S02229,W035,Ilela,87,73
2026-03-11,T03,S00241,W003,Idi-Oro,36,20
2026-03-11,T03,S00251,W003,Idi-Oro,165,138
2026-03-11,T03,S02256,W035,Ilela,26,19
2026-03-11,T03,S00318,W003,Idi-Oro,545,490
2026-03-11,T03,S02262,W035,Ilela,34,19
2026-03-11,T03,S00228,W003,Idi-Oro,84,61
2026-03-11,T03,S00260,W003,Idi-Oro,25,22
2026-03-11,T03,S00316,W003,Idi-Oro,52,55
2026-03-11,T03,S00221,W003,Idi-Oro,32,21
2026-03-11,T03,S00311,W003,Idi-Oro,184,163
2026-03-11,T03,S02263,W035,Ilela,24,19
2026-03-11,T03,S00290,W003,Idi-Oro,47,30
2026-03-11,T03,S00223,W003,Idi-Oro,270,187
2026-03-11,T03,S02218,W035,Ilela,100,102
2026-03-12,T03,S00248,W003,Idi-Oro,86,74
2026-03-12,T03,S00274,W003,Idi-Oro,970,892
2026-03-12,T03,S02277,W035,Ilela,11,7
2026-03-12,T03,S00286,W003,Idi-Oro,74,47
2026-03-12,T03,S00285,W003,Idi-Oro,229,141
2026-03-12,T03,S00304,W003,Idi-Oro,88,54
2026-03-12,T03,S02222,W035,Ilela,35,28
2026-03-12,T03,S00314,W003,Idi-Oro,78,79
2026-03-12,T03,S02246,W035,Ilela,15,15
2026-03-12,T03,S00258,W003,Idi-Oro,169,135
2026-03-12,T03,S00234,W003,Idi-Oro,71,44
2026-03-12,T03,S02266,W035,Ilela,29,21
2026-03-12,T03,S00324,W003,Idi-Oro,183,116
2026-03-12,T03,S00261,W003,Idi-Oro,945,704
2026-03-12,T03,S02240,W035,Ilela,30,32
2026-03-12,T03,S02248,W035,Ilela,238,240
2026-03-12,T03,S00322,W003,Idi-Oro,126,109
2026-03-12,T03,S00328,W003,Idi-Oro,109,114
2026-03-12,T03,S02269,W035,Ilela,176,183
2026-03-12,T03,S00246,W003,Idi-Oro,567,507
2026-03-12,T03,S00297,W003,Idi-Oro,61,50
2026-03-12,T03,S02259,W035,Ilela,60,34
2026-03-12,T03,S02254,W035,Ilela,72,42
2026-03-12,T03,S00254,W003,Idi-Oro,62,57
2026-03-12,T03,S02264,W035,Ilela,14,15
2026-03-12,T03,S00291,W003,Idi-Oro,13,8
2026-03-12,T03,S00266,W003,Idi-Oro,720,603
2026-03-13,T03,S00321,W003,Idi-Oro,109,106
2026-03-13,T03,S00236,W003,Idi-Oro,14,12
2026-03-13,T03,S02234,W035,Ilela,248,181
2026-03-13,T03,S00307,W003,Idi-Oro,133,125
2026-03-13,T03,S02252,W035,Ilela,41,35
2026-03-13,T03,S00294,W003,Idi-Oro,91,77
2026-03-13,T03,S00309,W003,Idi-Oro,95,54
2026-03-13,T03,S02241,W035,Ilela,15,14
2026-03-13,T03,S00325,W003,Idi-Oro,50,42
2026-03-13,T03,S00296,W003,Idi-Oro,102,108
2026-03-13,T03,S00320,W003,Idi-Oro,168,102
2026-03-13,T03,S00278,W003,Idi-Oro,24,14
2026-03-13,T03,S02272,W035,Ilela,45,45
2026-03-13,T03,S02244,W035,Ilela,62,44
2026-03-13,T03,S00245,W003,Idi-Oro,87,56
2026-03-13,T03,S00317,W003,Idi-Oro,77,72
2026-03-13,T03,S02235,W035,Ilela,14,11
2026-03-13,T03,S02243,W035,Ilela,115,95
2026-03-13,T03,S02217,W035,Ilela,44,46
2026-03-13,T03,S02237,W035,Ilela,87,75
2026-03-13,T03,S00269,W003,Idi-Oro,168,112
2026-03-13,T03,S02268,W035,Ilela,37,25
2026-03-13,T03,S00255,W003,Idi-Oro,103,79
2026-03-13,T03,S00256,W003,Idi-Oro,262,206
2026-03-09,T04,S00348,W004,Gwarin,15,15
2026-03-09,T04,S02281,W036,Ilela,23,15
2026-03-09,T04,S00339,W004,Gwarin,95,73
2026-03-09,T04,S00335,W004,Gwarin,12,11
2026-03-09,T04,S02283,W036,Ilela,68,40
2026-03-09,T04,S00351,W004,Gwarin,12,9
2026-03-09,T04,S02303,W036,Ilela,62,43
2026-03-09,T04,S02282,W036,Ilela,75,48
2026-03-09,T04,S02300,W036,Ilela,93,60
2026-03-09,T04,S00366,W004,Gwarin,30,27
2026-03-09,T04,S00353,W004,Gwarin,23,19
2026-03-09,T04,S00333,W004,Gwarin,13,9
2026-03-09,T04,S02302,W036,Ilela,78,75
2026-03-09,T04,S00350,W004,Gwarin,116,81
2026-03-10,T04,S02292,W036,Ilela,57,45
2026-03-10,T04,S00356,W004,Gwarin,8,5
2026-03-10,T04,S00363,W004,Gwarin,17,15
2026-03-10,T04,S00358,W004,Gwarin,5,4
2026-03-10,T04,S02304,W036,Ilela,35,29
2026-03-10,T04,S00332,W004,Gwarin,8,5
2026-03-10,T04,S00354,W004,Gwarin,14,11
2026-03-10,T04,S00330,W004,Gwarin,95,82
2026-03-10,T04,S00337,W004,Gwarin,25,18
2026-03-10,T04,S00360,W004,Gwarin,86,59
2026-03-10,T04,S02310,W036,Ilela,23,24
2026-03-10,T04,S02299,W036,Ilela,21,22
2026-03-10,T04,S02286,W036,Ilela,76,49
2026-03-10,T04,S02291,W036,Ilela,31,32
2026-03-11,T04,S02288,W036,Ilela,4,3
2026-03-11,T04,S02290,W036,Ilela,29,18
2026-03-11,T04,S00349,W004,Gwarin,55,35
2026-03-11,T04,S02287,W036,Ilela,8,7
2026-03-11,T04,S00338,W004,Gwarin,22,15
2026-03-11,T04,S00345,W004,Gwarin,64,39
2026-03-11,T04,S02298,W036,Ilela,135,106
2026-03-11,T04,S02279,W036,Ilela,84,84
2026-03-11,T04,S02305,W036,Ilela,17,12
2026-03-11,T04,S00334,W004,Gwarin,5,4
2026-03-11,T04,S00344,W004,Gwarin,9,6
2026-03-11,T04,S00342,W004,Gwarin,3,3
2026-03-11,T04,S02296,W036,Ilela,41,38
2026-03-11,T04,S00367,W004,Gwarin,83,65
2026-03-12,T04,S02289,W036,Ilela,17,16
2026-03-12,T04,S00340,W004,Gwarin,56,47
2026-03-12,T04,S02293,W036,Ilela,15,14
2026-03-12,T04,S02311,W036,Ilela,109,94
2026-03-12,T04,S00341,W004,Gwarin,6,5
2026-03-12,T04,S02284,W036,Ilela,67,65
2026-03-12,T04,S00361,W004,Gwarin,69,40
2026-03-12,T04,S00352,W004,Gwarin,23,19
2026-03-12,T04,S02285,W036,Ilela,54,31
2026-03-12,T04,S02280,W036,Ilela,35,32
2026-03-12,T04,S02307,W036,Ilela,73,47
2026-03-12,T04,S00368,W004,Gwarin,25,15
2026-03-12,T04,S02309,W036,Ilela,12,9
2026-03-12,T04,S00331,W004,Gwarin,64,54
2026-03-13,T04,S00357,W004,Gwarin,221,195
2026-03-13,T04,S00362,W004,Gwarin,440,396
2026-03-13,T04,S02306,W036,Ilela,67,67
2026-03-13,T04,S00359,W004,Gwarin,93,71
2026-03-13,T04,S02301,W036,Ilela,99,100
2026-03-13,T04,S00364,W004,Gwarin,56,58
2026-03-13,T04,S02308,W036,Ilela,33,31
2026-03-13,T04,S00343,W004,Gwarin,47,41
2026-03-13,T04,S02312,W036,Ilela,17,10
2026-03-13,T04,S02297,W036,Ilela,29,23
2026-03-13,T04,S00346,W004,Gwarin,17,10
2026-03-09,T05,S00381,W005,Gwarin,41,40
2026-03-09,T05,S02352,W037,Katsuma,20,14
2026-03-09,T05,S02318,W037,Katsuma,32,28
2026-03-09,T05,S02321,W037,Katsuma,77,43
2026-03-09,T05,S00372,W005,Gwarin,43,34
2026-03-09,T05,S02338,W037,Katsuma,56,53
2026-03-09,T05,S02334,W037,Katsuma,33,32
2026-03-09,T05,S00385,W005,Gwarin,14,12
2026-03-09,T05,S00397,W005,Gwarin,108,73
2026-03-09,T05,S00374,W005,Gwarin,81,85
2026-03-09,T05,S00373,W005,Gwarin,59,59
2026-03-09,T05,S00400,W005,Gwarin,14,15
2026-03-09,T05,S02323,W037,Katsuma,29,18
2026-03-10,T05,S00369,W005,Gwarin,9,5
2026-03-10,T05,S02350,W037,Katsuma,21,20
2026-03-10,T05,S02355,W037,Katsuma,64,52
2026-03-10,T05,S02345,W037,Katsuma,73,64
2026-03-10,T05,S02348,W037,Katsuma,6,5
2026-03-10,T05,S02319,W037,Katsuma,61,47
2026-03-10,T05,S02353,W037,Katsuma,390,263
2026-03-10,T05,S00401,W005,Gwarin,130,89
2026-03-10,T05,S00404,W005,Gwarin,35,33
2026-03-10,T05,S00402,W005,Gwarin,52,54
2026-03-10,T05,S00379,W005,Gwarin,36,28
2026-03-10,T05,S00388,W005,Gwarin,36,25
2026-03-10,T05,S02356,W037,Katsuma,82,81
2026-03-11,T05,S02351,W037,Katsuma,18,19
2026-03-11,T05,S02333,W037,Katsuma,87,55
2026-03-11,T05,S00389,W005,Gwarin,132,126
2026-03-11,T05,S00376,W005,Gwarin,25,14
2026-03-11,T05,S02360,W037,Katsuma,36,21
2026-03-11,T05,S02315,W037,Katsuma,23,18
2026-03-11,T05,S00375,W005,Gwarin,7,4
2026-03-11,T05,S02329,W037,Katsuma,72,47
2026-03-11,T05,S02357,W037,Katsuma,63,54
2026-03-11,T05,S00384,W005,Gwarin,8,5
2026-03-11,T05,S00391,W005,Gwarin,50,40
2026-03-11,T05,S02337,W037,Katsuma,86,86
2026-03-11,T05,S00370,W005,Gwarin,46,38
2026-03-12,T05,S02326,W037,Katsuma,17,13
2026-03-12,T05,S02359,W037,Katsuma,85,71
2026-03-12,T05,S00383,W005,Gwarin,46,41
2026-03-12,T05,S00403,W005,Gwarin,72,61
2026-03-12,T05,S02324,W037,Katsuma,74,51
2026-03-12,T05,S02320,W037,Katsuma,40,36
2026-03-12,T05,S00371,W005,Gwarin,13,10
2026-03-12,T05,S02343,W037,Katsuma,32,27
2026-03-12,T05,S02328,W037,Katsuma,119,116
2026-03-12,T05,S00395,W005,Gwarin,66,46
2026-03-12,T05,S00398,W005,Gwarin,63,45
2026-03-12,T05,S02316,W037,Katsuma,127,111
2026-03-12,T05,S02344,W037,Katsuma,8,8
2026-03-13,T05,S00393,W005,Gwarin,10,6
2026-03-13,T05,S02354,W037,Katsuma,27,18
2026-03-13,T05,S00382,W005,Gwarin,61,58
2026-03-13,T05,S02317,W037,Katsuma,42,42
2026-03-13,T05,S02362,W037,Katsuma,16,14
2026-03-13,T05,S02358,W037,Katsuma,25,20
2026-03-13,T05,S00390,W005,Gwarin,30,18
2026-03-13,T05,S00406,W005,Gwarin,34,31
2026-03-13,T05,S00387,W005,Gwarin,57,45
2026-03-13,T05,S00380,W005,Gwarin,79,64
2026-03-13,T05,S00378,W005,Gwarin,83,65
2026-03-13,T05,S00396,W005,Gwarin,62,51
2026-03-09,T06,S00514,W006,Idi-Oro,29,25
2026-03-09,T06,S00494,W006,Idi-Oro,143,87
2026-03-09,T06,S02394,W038,Katsuma,36,34
2026-03-09,T06,S00427,W006,Idi-Oro,126,93
2026-03-09,T06,S00500,W006,Idi-Oro,528,515
2026-03-09,T06,S02395,W038,Katsuma,113,110
2026-03-09,T06,S00430,W006,Idi-Oro,32,18
2026-03-09,T06,S00462,W006,Idi-Oro,489,336
2026-03-09,T06,S00532,W006,Idi-Oro,1380,1192
2026-03-09,T06,S02384,W038,Katsuma,96,61
2026-03-09,T06,S00463,W006,Idi-Oro,51,52
2026-03-09,T06,S00454,W006,Idi-Oro,210,145
2026-03-09,T06,S02420,W038,Katsuma,34,20
2026-03-09,T06,S00413,W006,Idi-Oro,199,184
2026-03-09,T06,S00529,W006,Idi-Oro,455,352
2026-03-09,T06,S00484,W006,Idi-Oro,55,50
2026-03-09,T06,S00412,W006,Idi-Oro,83,57
2026-03-09,T06,S00473,W006,Idi-Oro,72,71
2026-03-09,T06,S02382,W038,Katsuma,5,4
2026-03-09,T06,S00496,W006,Idi-Oro,287,301
2026-03-09,T06,S00499,W006,Idi-Oro,220,148
2026-03-09,T06,S02403,W038,Katsuma,16,11
2026-03-09,T06,S02385,W038,Katsuma,39,26
2026-03-09,T06,S00517,W006,Idi-Oro,143,93
2026-03-09,T06,S00410,W006,Idi-Oro,60,57
2026-03-09,T06,S00457,W006,Idi-Oro,18,11
2026-03-09,T06,S00453,W006,Idi-Oro,135,77
2026-03-09,T06,S00418,W006,Idi-Oro,75,50
2026-03-09,T06,S00493,W006,Idi-Oro,66,68
2026-03-10,T06,S02417,W038,Katsuma,175,158
2026-03-10,T06,S00439,W006,Idi-Oro,35,26
2026-03-10,T06,S00433,W006,Idi-Oro,244,158
2026-03-10,T06,S00528,W006,Idi-Oro,175,185
2026-03-10,T06,S02370,W038,Katsuma,79,64
2026-03-10,T06,S00521,W006,Idi-Oro,28,16
2026-03-10,T06,S00483,W006,Idi-Oro,165,150
2026-03-10,T06,S00426,W006,Idi-Oro,45,41
2026-03-10,T06,S02398,W038,Katsuma,11,11
2026-03-10,T06,S00488,W006,Idi-Oro,155,110
2026-03-10,T06,S00445,W006,Idi-Oro,113,80
2026-03-10,T06,S00501,W006,Idi-Oro,46,27
2026-03-10,T06,S00421,W006,Idi-Oro,232,173
2026-03-10,T06,S00440,W006,Idi-Oro,111,62
2026-03-10,T06,S00508,W006,Idi-Oro,185,103
2026-03-10,T06,S02419,W038,Katsuma,58,38
2026-03-10,T06,S00414,W006,Idi-Oro,23,20
2026-03-10,T06,S00417,W006,Idi-Oro,27,19
2026-03-10,T06,S00515,W006,Idi-Oro,288,205
2026-03-10,T06,S00524,W006,Idi-Oro,19,13
2026-03-10,T06,S02379,W038,Katsuma,16,13
2026-03-10,T06,S00451,W006,Idi-Oro,65,56
2026-03-10,T06,S02373,W038,Katsuma,88,82
2026-03-10,T06,S02405,W038,Katsuma,74,48
2026-03-10,T06,S00458,W006,Idi-Oro,982,974
2026-03-10,T06,S00455,W006,Idi-Oro,140,137
2026-03-10,T06,S00441,W006,Idi-Oro,117,101
2026-03-10,T06,S00469,W006,Idi-Oro,412,405
2026-03-10,T06,S00472,W006,Idi-Oro,23,15
2026-03-11,T06,S00419,W006,Idi-Oro,80,46
2026-03-11,T06,S02381,W038,Katsuma,4,3
2026-03-11,T06,S00489,W006,Idi-Oro,121,75
2026-03-11,T06,S02366,W038,Katsuma,97,67
2026-03-11,T06,S02372,W038,Katsuma,34,36
2026-03-11,T06,S00447,W006,Idi-Oro,291,286
2026-03-11,T06,S00491,W006,Idi-Oro,41,30
2026-03-11,T06,S00525,W006,Idi-Oro,180,107
2026-03-11,T06,S00481,W006,Idi-Oro,84,72
2026-03-11,T06,S00505,W006,Idi-Oro,69,47
2026-03-11,T06,S00510,W006,Idi-Oro,34,36
2026-03-11,T06,S00456,W006,Idi-Oro,490,422
2026-03-11,T06,S00434,W006,Idi-Oro,52,47
2026-03-11,T06,S02399,W038,Katsuma,34,33
2026-03-11,T06,S02400,W038,Katsuma,97,82
2026-03-11,T06,S02397,W038,Katsuma,26,22
2026-03-11,T06,S02388,W038,Katsuma,19,17
2026-03-11,T06,S02378,W038,Katsuma,160,108
2026-03-11,T06,S00415,W006,Idi-Oro,432,253
2026-03-11,T06,S02363,W038,Katsuma,52,49
2026-03-11,T06,S00438,W006,Idi-Oro,37,36
2026-03-11,T06,S00465,W006,Idi-Oro,30,27
2026-03-11,T06,S02376,W038,Katsuma,90,57
2026-03-11,T06,S02407,W038,Katsuma,26,48
2026-03-11,T06,S00428,W006,Idi-Oro,564,444
2026-03-11,T06,S00498,W006,Idi-Oro,36,25
2026-03-11,T06,S02409,W038,Katsuma,160,120
2026-03-11,T06,S00436,W006,Idi-Oro,385,271
2026-03-11,T06,S00461,W006,Idi-Oro,72,53
2026-03-12,T06,S02401,W038,Katsuma,26,27
2026-03-12,T06,S00502,W006,Idi-Oro,147,115
2026-03-12,T06,S02383,W038,Katsuma,98,95
2026-03-12,T06,S00431,W006,Idi-Oro,114,78
2026-03-12,T06,S00409,W006,Idi-Oro,143,101
2026-03-12,T06,S02422,W038,Katsuma,102,98
2026-03-12,T06,S00518,W006,Idi-Oro,92,60
2026-03-12,T06,S00485,W006,Idi-Oro,83,88
2026-03-12,T06,S02387,W038,Katsuma,19,12
2026-03-12,T06,S00429,W006,Idi-Oro,446,422
2026-03-12,T06,S00420,W006,Idi-Oro,379,225
2026-03-12,T06,S00471,W006,Idi-Oro,280,209
2026-03-12,T06,S00464,W006,Idi-Oro,61,39
2026-03-12,T06,S02418,W038,Katsuma,15,14
2026-03-12,T06,S00497,W006,Idi-Oro,162,137
2026-03-12,T06,S00476,W006,Idi-Oro,129,122
2026-03-12,T06,S00480,W006,Idi-Oro,356,309
2026-03-12,T06,S00425,W006,Idi-Oro,36,25
2026-03-12,T06,S00432,W006,Idi-Oro,3,3
2026-03-12,T06,S00478,W006,Idi-Oro,65,65
2026-03-12,T06,S00503,W006,Idi-Oro,74,62
2026-03-12,T06,S00424,W006,Idi-Oro,78,65
2026-03-12,T06,S02377,W038,Katsuma,84,59
2026-03-12,T06,S00450,W006,Idi-Oro,10,6
2026-03-12,T06,S00446,W006,Idi-Oro,157,152
2026-03-12,T06,S00435,W006,Idi-Oro,166,117
2026-03-12,T06,S00511,W006,Idi-Oro,213,203
2026-03-12,T06,S00466,W006,Idi-Oro,12,9
2026-03-12,T06,S00533,W006,Idi-Oro,290,185
2026-03-13,T06,S02365,W038,Katsuma,11,8
2026-03-13,T06,S00422,W006,Idi-Oro,508,533
2026-03-13,T06,S00527,W006,Idi-Oro,42,32
2026-03-13,T06,S02392,W038,Katsuma,35,35
2026-03-13,T06,S00482,W006,Idi-Oro,12,12
2026-03-13,T06,S00479,W006,Idi-Oro,38,34
2026-03-13,T06,S00495,W006,Idi-Oro,247,260
2026-03-13,T06,S00443,W006,Idi-Oro,39,24
2026-03-13,T06,S00444,W006,Idi-Oro,167,99
2026-03-13,T06,S00512,W006,Idi-Oro,102,97
2026-03-13,T06,S00509,W006,Idi-Oro,417,238
2026-03-13,T06,S00474,W006,Idi-Oro,21,17
2026-03-13,T06,S00530,W006,Idi-Oro,46,47
2026-03-13,T06,S00519,W006,Idi-Oro,45,33
2026-03-13,T06,S00423,W006,Idi-Oro,192,145
2026-03-13,T06,S02367,W038,Katsuma,248,167
2026-03-13,T06,S00459,W006,Idi-Oro,62,64
2026-03-13,T06,S02402,W038,Katsuma,12,7
2026-03-13,T06,S00523,W006,Idi-Oro,47,28
2026-03-13,T06,S02406,W038,Katsuma,25,26
2026-03-13,T06,S00411,W006,Idi-Oro,50,42
2026-03-13,T06,S02369,W038,Katsuma,30,25
2026-03-13,T06,S00416,W006,Idi-Oro,30,19
2026-03-13,T06,S00449,W006,Idi-Oro,168,102
2026-03-13,T06,S02375,W038,Katsuma,91,92
2026-03-13,T06,S00526,W006,Idi-Oro,121,99
2026-03-13,T06,S02415,W038,Katsuma,8,8
2026-03-09,T07,S00590,W007,Idi-Oro,121,119
2026-03-09,T07,S00599,W007,Idi-Oro,98,62
2026-03-09,T07,S00576,W007,Idi-Oro,105,92
2026-03-09,T07,S00658,W007,Idi-Oro,197,170
2026-03-09,T07,S02440,W039,Ilela,58,56
2026-03-09,T07,S02462,W039,Ilela,52,51
2026-03-09,T07,S02461,W039,Ilela,35,34
2026-03-09,T07,S00638,W007,Idi-Oro,16,17
2026-03-09,T07,S00586,W007,Idi-Oro,29,30
2026-03-09,T07,S00600,W007,Idi-Oro,142,89
2026-03-09,T07,S00566,W007,Idi-Oro,19,14
2026-03-09,T07,S00574,W007,Idi-Oro,174,164
2026-03-09,T07,S00652,W007,Idi-Oro,684,676
2026-03-09,T07,S00560,W007,Idi-Oro,93,79
2026-03-09,T07,S02431,W039,Ilela,30,24
2026-03-09,T07,S00642,W007,Idi-Oro,42,31
2026-03-09,T07,S00627,W007,Idi-Oro,159,124
2026-03-09,T07,S00605,W007,Idi-Oro,7,7
2026-03-09,T07,S02471,W039,Ilela,43,25
2026-03-09,T07,S00628,W007,Idi-Oro,16,10
2026-03-09,T07,S00610,W007,Idi-Oro,81,70
2026-03-09,T07,S02427,W039,Ilela,20,11
2026-03-09,T07,S02436,W039,Ilela,12,10
2026-03-09,T07,S00653,W007,Idi-Oro,49,38
2026-03-09,T07,S00542,W007,Idi-Oro,32,31
2026-03-09,T07,S02465,W039,Ilela,64,50
2026-03-09,T07,S02451,W039,Ilela,53,32
2026-03-09,T07,S00623,W007,Idi-Oro,169,168
2026-03-09,T07,S00579,W007,Idi-Oro,76,55
2026-03-10,T07,S00651,W007,Idi-Oro,76,71
2026-03-10,T07,S00655,W007,Idi-Oro,81,69
2026-03-10,T07,S02424,W039,Ilela,83,47
2026-03-10,T07,S00622,W007,Idi-Oro,80,61
2026-03-10,T07,S00573,W007,Idi-Oro,41,34
2026-03-10,T07,S00641,W007,Idi-Oro,151,157
2026-03-10,T07,S00632,W007,Idi-Oro,230,180
2026-03-10,T07,S00647,W007,Idi-Oro,376,303
2026-03-10,T07,S00643,W007,Idi-Oro,350,343
2026-03-10,T07,S02467,W039,Ilela,113,78
2026-03-10,T07,S00587,W007,Idi-Oro,122,123
2026-03-10,T07,S00548,W007,Idi-Oro,443,330
2026-03-10,T07,S00544,W007,Idi-Oro,105,85
2026-03-10,T07,S02443,W039,Ilela,79,72
2026-03-10,T07,S00620,W007,Idi-Oro,165,128
2026-03-10,T07,S00644,W007,Idi-Oro,88,88
2026-03-10,T07,S02469,W039,Ilela,11,9
2026-03-10,T07,S00571,W007,Idi-Oro,49,33
2026-03-10,T07,S00617,W007,Idi-Oro,34,36
2026-03-10,T07,S02447,W039,Ilela,146,144
2026-03-10,T07,S02430,W039,Ilela,5,4
2026-03-10,T07,S00601,W007,Idi-Oro,24,13
2026-03-10,T07,S02458,W039,Ilela,48,37
2026-03-10,T07,S00561,W007,Idi-Oro,889,902
2026-03-10,T07,S02426,W039,Ilela,16,10
2026-03-10,T07,S00614,W007,Idi-Oro,57,51
2026-03-10,T07,S00654,W007,Idi-Oro,171,168
2026-03-10,T07,S00577,W007,Idi-Oro,155,164
2026-03-10,T07,S02448,W039,Ilela,101,81
2026-03-11,T07,S00538,W007,Idi-Oro,64,66
2026-03-11,T07,S00594,W007,Idi-Oro,83,67
2026-03-11,T07,S00546,W007,Idi-Oro,60,36
2026-03-11,T07,S02464,W039,Ilela,47,47
2026-03-11,T07,S00619,W007,Idi-Oro,47,35
2026-03-11,T07,S02456,W039,Ilela,23,19
2026-03-11,T07,S00650,W007,Idi-Oro,138,137
2026-03-11,T07,S00584,W007,Idi-Oro,127,97
2026-03-11,T07,S00589,W007,Idi-Oro,31,19
2026-03-11,T07,S00604,W007,Idi-Oro,78,56
2026-03-11,T07,S02468,W039,Ilela,19,19
2026-03-11,T07,S02454,W039,Ilela,26,19
2026-03-11,T07,S00645,W007,Idi-Oro,89,63
2026-03-11,T07,S00607,W007,Idi-Oro,30,30
2026-03-11,T07,S02449,W039,Ilela,15,14
2026-03-11,T07,S00559,W007,Idi-Oro,83,85
2026-03-11,T07,S00580,W007,Idi-Oro,215,122
2026-03-11,T07,S00615,W007,Idi-Oro,87,58
2026-03-11,T07,S00593,W007,Idi-Oro,32,20
2026-03-11,T07,S00626,W007,Idi-Oro,56,35
2026-03-11,T07,S00564,W007,Idi-Oro,360,221
2026-03-11,T07,S02433,W039,Ilela,35,23
2026-03-11,T07,S00596,W007,Idi-Oro,295,241
2026-03-11,T07,S00547,W007,Idi-Oro,96,53
2026-03-11,T07,S00602,W007,Idi-Oro,45,34
2026-03-11,T07,S00612,W007,Idi-Oro,101,63
2026-03-11,T07,S00649,W007,Idi-Oro,61,37
2026-03-11,T07,S00536,W007,Idi-Oro,186,161
2026-03-11,T07,S00656,W007,Idi-Oro,151,128
2026-03-12,T07,S00597,W007,Idi-Oro,94,96
2026-03-12,T07,S00556,W007,Idi-Oro,401,424
2026-03-12,T07,S00582,W007,Idi-Oro,515,511
2026-03-12,T07,S00611,W007,Idi-Oro,74,68
2026-03-12,T07,S02459,W039,Ilela,28,24
2026-03-12,T07,S00621,W007,Idi-Oro,137,138
2026-03-12,T07,S02470,W039,Ilela,13,10
2026-03-12,T07,S00630,W007,Idi-Oro,158,117
2026-03-12,T07,S00552,W007,Idi-Oro,44,37
2026-03-12,T07,S00618,W007,Idi-Oro,29,20
2026-03-12,T07,S02452,W039,Ilela,4,4
2026-03-12,T07,S00541,W007,Idi-Oro,153,98
2026-03-12,T07,S00543,W007,Idi-Oro,108,92
2026-03-12,T07,S02446,W039,Ilela,43,28
2026-03-12,T07,S02455,W039,Ilela,35,21
2026-03-12,T07,S00648,W007,Idi-Oro,17,12
2026-03-12,T07,S00637,W007,Idi-Oro,29,29
2026-03-12,T07,S00563,W007,Idi-Oro,128,71
2026-03-12,T07,S00635,W007,Idi-Oro,95,58
2026-03-12,T07,S00565,W007,Idi-Oro,53,43
2026-03-12,T07,S00608,W007,Idi-Oro,33,18
2026-03-12,T07,S02453,W039,Ilela,29,17
2026-03-12,T07,S02437,W039,Ilela,55,50
2026-03-12,T07,S00558,W007,Idi-Oro,155,88
2026-03-12,T07,S02438,W039,Ilela,57,43
2026-03-12,T07,S02435,W039,Ilela,37,29
2026-03-12,T07,S02466,W039,Ilela,80,50
2026-03-12,T07,S00581,W007,Idi-Oro,631,411
2026-03-12,T07,S00551,W007,Idi-Oro,355,298
2026-03-13,T07,S00659,W007,Idi-Oro,12,9
2026-03-13,T07,S00606,W007,Idi-Oro,64,58
2026-03-13,T07,S00631,W007,Idi-Oro,96,67
2026-03-13,T07,S00553,W007,Idi-Oro,1904,1055
2026-03-13,T07,S02434,W039,Ilela,46,26
2026-03-13,T07,S00591,W007,Idi-Oro,382,301
2026-03-13,T07,S00539,W007,Idi-Oro,26,23
2026-03-13,T07,S02432,W039,Ilela,117,96
2026-03-13,T07,S00568,W007,Idi-Oro,448,371
2026-03-13,T07,S00609,W007,Idi-Oro,134,116
2026-03-13,T07,S00588,W007,Idi-Oro,148,108
2026-03-13,T07,S00562,W007,Idi-Oro,66,45
2026-03-13,T07,S00629,W007,Idi-Oro,46,42
2026-03-13,T07,S02450,W039,Ilela,89,90
2026-03-13,T07,S02460,W039,Ilela,26,15
2026-03-13,T07,S00545,W007,Idi-Oro,160,152
2026-03-13,T07,S00550,W007,Idi-Oro,168,154
2026-03-13,T07,S00633,W007,Idi-Oro,39,36
2026-03-13,T07,S00535,W007,Idi-Oro,42,38
2026-03-13,T07,S02441,W039,Ilela,83,56
2026-03-13,T07,S02457,W039,Ilela,43,25
2026-03-13,T07,S02439,W039,Ilela,22,13
2026-03-13,T07,S00567,W007,Idi-Oro,136,88
2026-03-13,T07,S00569,W007,Idi-Oro,111,77
2026-03-13,T07,S02428,W039,Ilela,174,176
2026-03-13,T07,S02429,W039,Ilela,162,137
2026-03-09,T08,S00728,W008,Idi-Oro,729,664
2026-03-09,T08,S02473,W040,Ilela,6,6
2026-03-09,T08,S00668,W008,Idi-Oro,93,78
2026-03-09,T08,S00705,W008,Idi-Oro,155,150
2026-03-09,T08,S00768,W008,Idi-Oro,29,30
2026-03-09,T08,S02506,W040,Ilela,45,33
2026-03-09,T08,S02476,W040,Ilela,132,76
2026-03-09,T08,S02498,W040,Ilela,26,19
2026-03-09,T08,S02481,W040,Ilela,28,17
2026-03-09,T08,S02500,W040,Ilela,120,114
2026-03-09,T08,S00690,W008,Idi-Oro,45,41
2026-03-09,T08,S02488,W040,Ilela,82,55
2026-03-09,T08,S00779,W008,Idi-Oro,103,73
2026-03-09,T08,S00740,W008,Idi-Oro,206,151
2026-03-09,T08,S02524,W040,Ilela,15,12
2026-03-09,T08,S00755,W008,Idi-Oro,253,155
2026-03-09,T08,S00761,W008,Idi-Oro,99,92
2026-03-09,T08,S02521,W040,Ilela,47,29
2026-03-09,T08,S00677,W008,Idi-Oro,34,36
2026-03-09,T08,S00753,W008,Idi-Oro,88,78
2026-03-09,T08,S00696,W008,Idi-Oro,59,61
2026-03-09,T08,S00686,W008,Idi-Oro,37,26
2026-03-09,T08,S00683,W008,Idi-Oro,130,118
2026-03-09,T08,S00786,W008,Idi-Oro,76,75
2026-03-09,T08,S00729,W008,Idi-Oro,36,21
2026-03-09,T08,S00760,W008,Idi-Oro,131,127
2026-03-09,T08,S00675,W008,Idi-Oro,92,66
2026-03-09,T08,S00715,W008,Idi-Oro,75,76
2026-03-09,T08,S00772,W008,Idi-Oro,75,47
2026-03-09,T08,S00689,W008,Idi-Oro,158,92
2026-03-09,T08,S00721,W008,Idi-Oro,686,499
2026-03-10,T08,S02480,W040,Ilela,111,81
2026-03-10,T08,S00735,W008,Idi-Oro,76,52
2026-03-10,T08,S02495,W040,Ilela,126,96
2026-03-10,T08,S00723,W008,Idi-Oro,106,94
2026-03-10,T08,S00695,W008,Idi-Oro,18,16
2026-03-10,T08,S00674,W008,Idi-Oro,744,752
2026-03-10,T08,S02512,W040,Ilela,159,155
2026-03-10,T08,S00667,W008,Idi-Oro,58,45
2026-03-10,T08,S00716,W008,Idi-Oro,163,153
2026-03-10,T08,S00707,W008,Idi-Oro,631,514
2026-03-10,T08,S00678,W008,Idi-Oro,278,284
2026-03-10,T08,S00671,W008,Idi-Oro,483,414
2026-03-10,T08,S02523,W040,Ilela,41,43
2026-03-10,T08,S00684,W008,Idi-Oro,91,93
2026-03-10,T08,S00718,W008,Idi-Oro,47,37
2026-03-10,T08,S02491,W040,Ilela,77,71
2026-03-10,T08,S02475,W040,Ilela,51,42
2026-03-10,T08,S02522,W040,Ilela,59,62
2026-03-10,T08,S00749,W008,Idi-Oro,51,38
2026-03-10,T08,S00711,W008,Idi-Oro,81,58
2026-03-10,T08,S00687,W008,Idi-Oro,24,19
2026-03-10,T08,S00676,W008,Idi-Oro,56,38
2026-03-10,T08,S02511,W040,Ilela,49,43
2026-03-10,T08,S00714,W008,Idi-Oro,50,39
2026-03-10,T08,S02472,W040,Ilela,14,12
2026-03-10,T08,S00662,W008,Idi-Oro,166,124
2026-03-10,T08,S02497,W040,Ilela,49,32
2026-03-10,T08,S00664,W008,Idi-Oro,180,132
2026-03-10,T08,S00765,W008,Idi-Oro,38,30
2026-03-10,T08,S02499,W040,Ilela,68,61
2026-03-10,T08,S00699,W008,Idi-Oro,80,65
2026-03-11,T08,S02496,W040,Ilela,18,11
2026-03-11,T08,S02504,W040,Ilela,10,9
2026-03-11,T08,S00744,W008,Idi-Oro,192,167
2026-03-11,T08,S00661,W008,Idi-Oro,123,78
2026-03-11,T08,S02520,W040,Ilela,973,591
2026-03-11,T08,S00767,W008,Idi-Oro,79,73
2026-03-11,T08,S00666,W008,Idi-Oro,41,36
2026-03-11,T08,S00781,W008,Idi-Oro,71,71
2026-03-11,T08,S00741,W008,Idi-Oro,476,360
2026-03-11,T08,S00742,W008,Idi-Oro,149,88
2026-03-11,T08,S00710,W008,Idi-Oro,45,31
2026-03-11,T08,S00750,W008,Idi-Oro,347,341
2026-03-11,T08,S00775,W008,Idi-Oro,50,52
2026-03-11,T08,S02486,W040,Ilela,73,41
2026-03-11,T08,S02507,W040,Ilela,60,62
2026-03-11,T08,S00691,W008,Idi-Oro,31,25
2026-03-11,T08,S00726,W008,Idi-Oro,13,13
2026-03-11,T08,S02478,W040,Ilela,16,17
2026-03-11,T08,S00704,W008,Idi-Oro,820,553
2026-03-11,T08,S00737,W008,Idi-Oro,56,41
2026-03-11,T08,S02490,W040,Ilela,20,14
2026-03-11,T08,S00758,W008,Idi-Oro,95,93
2026-03-11,T08,S02494,W040,Ilela,27,28
2026-03-11,T08,S00720,W008,Idi-Oro,29,30
2026-03-11,T08,S00660,W008,Idi-Oro,118,113
2026-03-11,T08,S02492,W040,Ilela,48,43
2026-03-11,T08,S00733,W008,Idi-Oro,523,508
2026-03-11,T08,S00701,W008,Idi-Oro,236,237
2026-03-11,T08,S00685,W008,Idi-Oro,56,55
2026-03-11,T08,S00688,W008,Idi-Oro,6,6
2026-03-11,T08,S00759,W008,Idi-Oro,409,386
2026-03-12,T08,S02474,W040,Ilela,66,49
2026-03-12,T08,S00748,W008,Idi-Oro,37,29
2026-03-12,T08,S02485,W040,Ilela,14,15
2026-03-12,T08,S00724,W008,Idi-Oro,99,95
2026-03-12,T08,S02515,W040,Ilela,83,79
2026-03-12,T08,S00745,W008,Idi-Oro,33,24
2026-03-12,T08,S02483,W040,Ilela,134,99
2026-03-12,T08,S02484,W040,Ilela,30,29
2026-03-12,T08,S00706,W008,Idi-Oro,643,561
2026-03-12,T08,S00774,W008,Idi-Oro,97,68
2026-03-12,T08,S00730,W008,Idi-Oro,13,8
2026-03-12,T08,S00713,W008,Idi-Oro,20,12
2026-03-12,T08,S00694,W008,Idi-Oro,173,130
2026-03-12,T08,S00771,W008,Idi-Oro,128,73
2026-03-12,T08,S02482,W040,Ilela,72,41
2026-03-12,T08,S00717,W008,Idi-Oro,142,138
2026-03-12,T08,S00763,W008,Idi-Oro,293,259
2026-03-12,T08,S00682,W008,Idi-Oro,113,87
2026-03-12,T08,S00739,W008,Idi-Oro,63,52
2026-03-12,T08,S00703,W008,Idi-Oro,146,96
2026-03-12,T08,S00783,W008,Idi-Oro,8,5
2026-03-12,T08,S00708,W008,Idi-Oro,458,478
2026-03-12,T08,S02519,W040,Ilela,16,12
2026-03-12,T08,S02489,W040,Ilela,54,50
2026-03-12,T08,S00680,W008,Idi-Oro,124,98
2026-03-12,T08,S02518,W040,Ilela,57,36
2026-03-12,T08,S00670,W008,Idi-Oro,31,23
2026-03-12,T08,S02487,W040,Ilela,59,34
2026-03-12,T08,S00727,W008,Idi-Oro,41,37
2026-03-12,T08,S00782,W008,Idi-Oro,92,81
2026-03-12,T08,S00709,W008,Idi-Oro,25,22
2026-03-13,T08,S00780,W008,Idi-Oro,349,297
2026-03-13,T08,S02509,W040,Ilela,148,92
2026-03-13,T08,S00700,W008,Idi-Oro,23,18
2026-03-13,T08,S00672,W008,Idi-Oro,387,369
2026-03-13,T08,S00743,W008,Idi-Oro,416,419
2026-03-13,T08,S00663,W008,Idi-Oro,26,15
2026-03-13,T08,S00769,W008,Idi-Oro,93,57
2026-03-13,T08,S02502,W040,Ilela,40,26
2026-03-13,T08,S02517,W040,Ilela,30,21
2026-03-13,T08,S00698,W008,Idi-Oro,85,87
2026-03-13,T08,S00787,W008,Idi-Oro,474,360
2026-03-13,T08,S02479,W040,Ilela,50,37
2026-03-13,T08,S00719,W008,Idi-Oro,50,28
2026-03-13,T08,S00673,W008,Idi-Oro,136,113
2026-03-13,T08,S02514,W040,Ilela,26,20
2026-03-13,T08,S00770,W008,Idi-Oro,50,44
2026-03-13,T08,S02505,W040,Ilela,113,97
2026-03-13,T08,S00776,W008,Idi-Oro,73,75
2026-03-13,T08,S00693,W008,Idi-Oro,66,57
2026-03-13,T08,S02493,W040,Ilela,80,68
2026-03-13,T08,S00722,W008,Idi-Oro,160,147
2026-03-13,T08,S02477,W040,Ilela,94,73
2026-03-13,T08,S00784,W008,Idi-Oro,29,24
2026-03-13,T08,S00777,W008,Idi-Oro,3,3
2026-03-13,T08,S00725,W008,Idi-Oro,129,102
2026-03-13,T08,S00702,W008,Idi-Oro,134,102
2026-03-13,T08,S00751,W008,Idi-Oro,346,364
2026-03-13,T08,S00712,W008,Idi-Oro,463,318
2026-03-09,T09,S00809,W009,Gwarin,59,44
2026-03-09,T09,S00805,W009,Gwarin,22,12
2026-03-09,T09,S00822,W009,Gwarin,28,22
2026-03-09,T09,S00821,W009,Gwarin,180,135
2026-03-09,T09,S00825,W009,Gwarin,46,45
2026-03-09,T09,S00807,W009,Gwarin,24,25
2026-03-09,T09,S00811,W009,Gwarin,47,28
2026-03-10,T09,S00820,W009,Gwarin,83,87
2026-03-10,T09,S00812,W009,Gwarin,62,58
2026-03-10,T09,S00815,W009,Gwarin,34,35
2026-03-10,T09,S00790,W009,Gwarin,125,105
2026-03-10,T09,S00788,W009,Gwarin,125,71
2026-03-10,T09,S00806,W009,Gwarin,35,22
2026-03-10,T09,S00801,W009,Gwarin,52,54
2026-03-11,T09,S00816,W009,Gwarin,499,424
2026-03-11,T09,S00818,W009,Gwarin,25,18
2026-03-11,T09,S00796,W009,Gwarin,3,3
2026-03-11,T09,S00797,W009,Gwarin,64,47
2026-03-11,T09,S00798,W009,Gwarin,62,59
2026-03-11,T09,S00791,W009,Gwarin,52,40
2026-03-11,T09,S00814,W009,Gwarin,47,35
2026-03-12,T09,S00799,W009,Gwarin,14,13
2026-03-12,T09,S00802,W009,Gwarin,23,24
2026-03-12,T09,S00804,W009,Gwarin,23,23
2026-03-12,T09,S00824,W009,Gwarin,104,72
2026-03-12,T09,S00794,W009,Gwarin,63,63
2026-03-12,T09,S00819,W009,Gwarin,37,26
2026-03-12,T09,S00813,W009,Gwarin,61,55
2026-03-13,T09,S00789,W009,Gwarin,26,25
2026-03-13,T09,S00810,W009,Gwarin,47,36
2026-03-13,T09,S00823,W009,Gwarin,13,8
2026-03-13,T09,S00808,W009,Gwarin,6,5
2026-03-09,T10,S00865,W010,Gwarin,284,293
2026-03-09,T10,S00871,W010,Gwarin,26,18
2026-03-09,T10,S00848,W010,Gwarin,17,13
2026-03-09,T10,S00849,W010,Gwarin,75,69
2026-03-09,T10,S00831,W010,Gwarin,46,28
2026-03-09,T10,S00840,W010,Gwarin,193,112
2026-03-09,T10,S00835,W010,Gwarin,56,35
2026-03-09,T10,S00856,W010,Gwarin,6,4
2026-03-09,T10,S00853,W010,Gwarin,564,572
2026-03-10,T10,S00838,W010,Gwarin,45,28
2026-03-10,T10,S00841,W010,Gwarin,119,106
2026-03-10,T10,S00861,W010,Gwarin,26,26
2026-03-10,T10,S00850,W010,Gwarin,50,35
2026-03-10,T10,S00862,W010,Gwarin,96,77
2026-03-10,T10,S00866,W010,Gwarin,20,21
2026-03-10,T10,S00827,W010,Gwarin,102,67
2026-03-10,T10,S00851,W010,Gwarin,32,23
2026-03-10,T10,S00826,W010,Gwarin,64,48
2026-03-11,T10,S00869,W010,Gwarin,137,83
2026-03-11,T10,S00828,W010,Gwarin,59,41
2026-03-11,T10,S00829,W010,Gwarin,39,24
2026-03-11,T10,S00839,W010,Gwarin,79,82
2026-03-11,T10,S00844,W010,Gwarin,45,36
2026-03-11,T10,S00845,W010,Gwarin,3,3
2026-03-11,T10,S00836,W010,Gwarin,9,8
2026-03-11,T10,S00842,W010,Gwarin,110,101
2026-03-11,T10,S00852,W010,Gwarin,20,19
2026-03-12,T10,S00834,W010,Gwarin,22,19
2026-03-12,T10,S00859,W010,Gwarin,41,38
2026-03-12,T10,S00847,W010,Gwarin,115,71
2026-03-12,T10,S00860,W010,Gwarin,92,61
2026-03-12,T10,S00864,W010,Gwarin,40,38
2026-03-12,T10,S00832,W010,Gwarin,62,35
2026-03-12,T10,S00833,W010,Gwarin,23,15
2026-03-12,T10,S00846,W010,Gwarin,15,15
2026-03-12,T10,S00863,W010,Gwarin,18,16
2026-03-13,T10,S00857,W010,Gwarin,24,16
2026-03-13,T10,S00830,W010,Gwarin,93,65
2026-03-13,T10,S00870,W010,Gwarin,22,23
2026-03-13,T10,S00867,W010,Gwarin,7,4
2026-03-13,T10,S00854,W010,Gwarin,35,34
2026-03-13,T10,S00855,W010,Gwarin,3,2
2026-03-09,T11,S00894,W011,Gwarin,96,63
2026-03-09,T11,S00885,W011,Gwarin,45,26
2026-03-09,T11,S00907,W011,Gwarin,39,39
2026-03-09,T11,S00876,W011,Gwarin,6,5
2026-03-09,T11,S00890,W011,Gwarin,27,27
2026-03-09,T11,S00911,W011,Gwarin,28,21
2026-03-09,T11,S00924,W011,Gwarin,32,21
2026-03-09,T11,S00892,W011,Gwarin,30,30
2026-03-09,T11,S00891,W011,Gwarin,50,43
2026-03-09,T11,S00893,W011,Gwarin,47,33
2026-03-10,T11,S00908,W011,Gwarin,23,23
2026-03-10,T11,S00919,W011,Gwarin,50,31
2026-03-10,T11,S00883,W011,Gwarin,12,9
2026-03-10,T11,S00906,W011,Gwarin,34,19
2026-03-10,T11,S00887,W011,Gwarin,20,11
2026-03-10,T11,S00923,W011,Gwarin,118,95
2026-03-10,T11,S00884,W011,Gwarin,12,8
2026-03-10,T11,S00904,W011,Gwarin,4,4
2026-03-10,T11,S00880,W011,Gwarin,96,60
2026-03-10,T11,S00901,W011,Gwarin,11,10
2026-03-11,T11,S00910,W011,Gwarin,81,78
2026-03-11,T11,S00905,W011,Gwarin,66,51
2026-03-11,T11,S00900,W011,Gwarin,34,23
2026-03-11,T11,S00903,W011,Gwarin,12,11
2026-03-11,T11,S00874,W011,Gwarin,119,99
2026-03-11,T11,S00886,W011,Gwarin,47,30
2026-03-11,T11,S00918,W011,Gwarin,10,7
2026-03-11,T11,S00873,W011,Gwarin,28,21
2026-03-11,T11,S00899,W011,Gwarin,27,21
2026-03-11,T11,S00877,W011,Gwarin,37,26
2026-03-12,T11,S00879,W011,Gwarin,303,171
2026-03-12,T11,S00889,W011,Gwarin,13,7
2026-03-12,T11,S00875,W011,Gwarin,30,19
2026-03-12,T11,S00916,W011,Gwarin,7,7
2026-03-12,T11,S00914,W011,Gwarin,7,5
2026-03-12,T11,S00909,W011,Gwarin,60,39
2026-03-12,T11,S00872,W011,Gwarin,61,39
2026-03-12,T11,S00881,W011,Gwarin,54,39
2026-03-12,T11,S00917,W011,Gwarin,86,81
2026-03-12,T11,S00895,W011,Gwarin,18,16
2026-03-13,T11,S00922,W011,Gwarin,131,98
2026-03-13,T11,S00902,W011,Gwarin,41,37
2026-03-13,T11,S00878,W011,Gwarin,10,6
2026-03-13,T11,S00888,W011,Gwarin,54,50
2026-03-13,T11,S00882,W011,Gwarin,57,54
2026-03-13,T11,S00898,W011,Gwarin,74,48
2026-03-13,T11,S00896,W011,Gwarin,110,68
2026-03-13,T11,S00921,W011,Gwarin,14,10
2026-03-13,T11,S00925,W011,Gwarin,29,26
2026-03-13,T11,S00897,W011,Gwarin,79,83
2026-03-09,T12,S00944,W012,Gwarin,22,14
2026-03-09,T12,S00937,W012,Gwarin,115,115
2026-03-09,T12,S00929,W012,Gwarin,85,65
2026-03-09,T12,S00951,W012,Gwarin,57,48
2026-03-09,T12,S00932,W012,Gwarin,12,7
2026-03-10,T12,S00939,W012,Gwarin,58,52
2026-03-10,T12,S00933,W012,Gwarin,150,132
2026-03-10,T12,S00946,W012,Gwarin,167,119
2026-03-10,T12,S00926,W012,Gwarin,115,89
2026-03-10,T12,S00936,W012,Gwarin,20,13
2026-03-11,T12,S00948,W012,Gwarin,54,37
2026-03-11,T12,S00934,W012,Gwarin,41,31
2026-03-11,T12,S00927,W012,Gwarin,173,155
2026-03-11,T12,S00943,W012,Gwarin,9,7
2026-03-11,T12,S00928,W012,Gwarin,87,54
2026-03-12,T12,S00938,W012,Gwarin,91,78
2026-03-12,T12,S00942,W012,Gwarin,51,32
2026-03-12,T12,S00947,W012,Gwarin,60,61
2026-03-12,T12,S00952,W012,Gwarin,43,33
2026-03-12,T12,S00945,W012,Gwarin,146,104
2026-03-13,T12,S00930,W012,Gwarin,31,18
2026-03-13,T12,S00940,W012,Gwarin,45,28
2026-03-13,T12,S00941,W012,Gwarin,61,48
2026-03-13,T12,S00935,W012,Gwarin,81,81
2026-03-13,T12,S00950,W012,Gwarin,16,10
2026-03-09,T13,S00965,W013,Gwarin,109,76
2026-03-09,T13,S00981,W013,Gwarin,40,40
2026-03-09,T13,S00989,W013,Gwarin,45,26
2026-03-09,T13,S00969,W013,Gwarin,36,36
2026-03-09,T13,S00954,W013,Gwarin,36,21
2026-03-09,T13,S00987,W013,Gwarin,13,8
2026-03-10,T13,S00959,W013,Gwarin,30,21
2026-03-10,T13,S00979,W013,Gwarin,75,64
2026-03-10,T13,S00990,W013,Gwarin,129,133
2026-03-10,T13,S00988,W013,Gwarin,110,88
2026-03-10,T13,S00968,W013,Gwarin,39,36
2026-03-10,T13,S00986,W013,Gwarin,39,37
2026-03-11,T13,S00953,W013,Gwarin,25,24
2026-03-11,T13,S00970,W013,Gwarin,22,20
2026-03-11,T13,S00996,W013,Gwarin,15,12
2026-03-11,T13,S00997,W013,Gwarin,19,11
2026-03-11,T13,S00992,W013,Gwarin,18,13
2026-03-11,T13,S00976,W013,Gwarin,100,64
2026-03-12,T13,S00962,W013,Gwarin,20,14
2026-03-12,T13,S00994,W013,Gwarin,56,58
2026-03-12,T13,S00982,W013,Gwarin,38,24
2026-03-12,T13,S00974,W013,Gwarin,25,18
2026-03-12,T13,S00991,W013,Gwarin,88,90
2026-03-12,T13,S00958,W013,Gwarin,17,10
2026-03-13,T13,S00957,W013,Gwarin,62,45
2026-03-13,T13,S00983,W013,Gwarin,53,43
2026-03-13,T13,S00963,W013,Gwarin,26,27
2026-03-13,T13,S00972,W013,Gwarin,85,63
2026-03-09,T14,S01003,W014,Idi-Oro,226,126
2026-03-09,T14,S01008,W014,Idi-Oro,466,375
2026-03-09,T14,S01087,W014,Idi-Oro,22,17
2026-03-09,T14,S01017,W014,Idi-Oro,27,19
2026-03-09,T14,S01041,W014,Idi-Oro,58,60
2026-03-09,T14,S01002,W014,Idi-Oro,166,165
2026-03-09,T14,S01065,W014,Idi-Oro,213,132
2026-03-09,T14,S01013,W014,Idi-Oro,154,116
2026-03-09,T14,S01088,W014,Idi-Oro,88,93
2026-03-09,T14,S01018,W014,Idi-Oro,180,148
2026-03-09,T14,S01071,W014,Idi-Oro,42,41
2026-03-09,T14,S01053,W014,Idi-Oro,145,140
2026-03-09,T14,S01059,W014,Idi-Oro,69,68
2026-03-09,T14,S01068,W014,Idi-Oro,269,229
2026-03-09,T14,S01077,W014,Idi-Oro,18,17
2026-03-09,T14,S01021,W014,Idi-Oro,197,178
2026-03-10,T14,S01078,W014,Idi-Oro,33,27
2026-03-10,T14,S01093,W014,Idi-Oro,121,111
2026-03-10,T14,S01063,W014,Idi-Oro,14,12
2026-03-10,T14,S01030,W014,Idi-Oro,159,149
2026-03-10,T14,S01032,W014,Idi-Oro,47,43
2026-03-10,T14,S01066,W014,Idi-Oro,72,61
2026-03-10,T14,S01072,W014,Idi-Oro,67,68
2026-03-10,T14,S01014,W014,Idi-Oro,30,27
2026-03-10,T14,S01044,W014,Idi-Oro,34,33
2026-03-10,T14,S01090,W014,Idi-Oro,51,46
2026-03-10,T14,S01070,W014,Idi-Oro,130,74
2026-03-10,T14,S01081,W014,Idi-Oro,232,219
2026-03-10,T14,S01079,W014,Idi-Oro,31,28
2026-03-10,T14,S01085,W014,Idi-Oro,28,19
2026-03-10,T14,S01048,W014,Idi-Oro,13,14
2026-03-10,T14,S01012,W014,Idi-Oro,430,300
2026-03-11,T14,S01056,W014,Idi-Oro,42,30
2026-03-11,T14,S01019,W014,Idi-Oro,104,101
2026-03-11,T14,S01039,W014,Idi-Oro,193,191
2026-03-11,T14,S01022,W014,Idi-Oro,206,170
2026-03-11,T14,S01089,W014,Idi-Oro,319,328
2026-03-11,T14,S01046,W014,Idi-Oro,66,69
2026-03-11,T14,S01026,W014,Idi-Oro,34,26
2026-03-11,T14,S01060,W014,Idi-Oro,32,25
2026-03-11,T14,S01062,W014,Idi-Oro,97,73
2026-03-11,T14,S01020,W014,Idi-Oro,29,18
2026-03-11,T14,S01036,W014,Idi-Oro,425,355
2026-03-11,T14,S01058,W014,Idi-Oro,43,45
2026-03-11,T14,S01007,W014,Idi-Oro,18,12
2026-03-11,T14,S01057,W014,Idi-Oro,125,107
2026-03-11,T14,S01009,W014,Idi-Oro,370,383
2026-03-11,T14,S01035,W014,Idi-Oro,71,58
2026-03-12,T14,S01075,W014,Idi-Oro,41,26
2026-03-12,T14,S01064,W014,Idi-Oro,387,371
2026-03-12,T14,S01050,W014,Idi-Oro,67,70
2026-03-12,T14,S01074,W014,Idi-Oro,62,66
2026-03-12,T14,S00998,W014,Idi-Oro,62,35
2026-03-12,T14,S01042,W014,Idi-Oro,78,73
2026-03-12,T14,S01024,W014,Idi-Oro,560,310
2026-03-12,T14,S01006,W014,Idi-Oro,45,38
2026-03-12,T14,S01025,W014,Idi-Oro,539,428
2026-03-12,T14,S01061,W014,Idi-Oro,215,149
2026-03-12,T14,S01082,W014,Idi-Oro,344,274
2026-03-12,T14,S01084,W014,Idi-Oro,31,27
2026-03-12,T14,S01027,W014,Idi-Oro,37,38
2026-03-12,T14,S01067,W014,Idi-Oro,21,15
2026-03-12,T14,S01010,W014,Idi-Oro,68,62
2026-03-12,T14,S01029,W014,Idi-Oro,225,225
2026-03-13,T14,S01086,W014,Idi-Oro,93,96
2026-03-13,T14,S01094,W014,Idi-Oro,126,133
2026-03-13,T14,S01040,W014,Idi-Oro,592,448
2026-03-13,T14,S01034,W014,Idi-Oro,80,82
2026-03-13,T14,S01033,W014,Idi-Oro,239,172
2026-03-13,T14,S01073,W014,Idi-Oro,140,90
2026-03-13,T14,S01038,W014,Idi-Oro,167,119
2026-03-13,T14,S01092,W014,Idi-Oro,166,93
2026-03-13,T14,S01052,W014,Idi-Oro,56,44
2026-03-13,T14,S00999,W014,Idi-Oro,215,164
2026-03-13,T14,S01004,W014,Idi-Oro,60,49
2026-03-13,T14,S01054,W014,Idi-Oro,273,246
2026-03-09,T15,S01198,W015,Idi-Oro,491,520
2026-03-09,T15,S01195,W015,Idi-Oro,356,305
2026-03-09,T15,S01185,W015,Idi-Oro,64,36
2026-03-09,T15,S01117,W015,Idi-Oro,17,14
2026-03-09,T15,S01141,W015,Idi-Oro,17,11
2026-03-09,T15,S01126,W015,Idi-Oro,128,82
2026-03-09,T15,S01128,W015,Idi-Oro,19,12
2026-03-09,T15,S01144,W015,Idi-Oro,43,25
2026-03-09,T15,S01155,W015,Idi-Oro,311,246
2026-03-09,T15,S01107,W015,Idi-Oro,176,137
2026-03-09,T15,S01177,W015,Idi-Oro,20,20
2026-03-09,T15,S01134,W015,Idi-Oro,184,191
2026-03-09,T15,S01223,W015,Idi-Oro,213,156
2026-03-09,T15,S01095,W015,Idi-Oro,60,50
2026-03-09,T15,S01193,W015,Idi-Oro,132,107
2026-03-09,T15,S01170,W015,Idi-Oro,73,74
2026-03-09,T15,S01150,W015,Idi-Oro,37,39
2026-03-09,T15,S01138,W015,Idi-Oro,594,490
2026-03-09,T15,S01218,W015,Idi-Oro,440,294
2026-03-09,T15,S01200,W015,Idi-Oro,785,592
2026-03-09,T15,S01127,W015,Idi-Oro,149,133
2026-03-09,T15,S01145,W015,Idi-Oro,139,84
2026-03-10,T15,S01118,W015,Idi-Oro,126,110
2026-03-10,T15,S01129,W015,Idi-Oro,258,243
2026-03-10,T15,S01222,W015,Idi-Oro,67,69
2026-03-10,T15,S01123,W015,Idi-Oro,160,166
2026-03-10,T15,S01174,W015,Idi-Oro,112,103
2026-03-10,T15,S01227,W015,Idi-Oro,27,17
2026-03-10,T15,S01099,W015,Idi-Oro,32,20
2026-03-10,T15,S01173,W015,Idi-Oro,21,15
2026-03-10,T15,S01147,W015,Idi-Oro,139,91
2026-03-10,T15,S01182,W015,Idi-Oro,92,90
2026-03-10,T15,S01103,W015,Idi-Oro,428,374
2026-03-10,T15,S01132,W015,Idi-Oro,76,56
2026-03-10,T15,S01228,W015,Idi-Oro,86,75
2026-03-10,T15,S01133,W015,Idi-Oro,275,212
2026-03-10,T15,S01097,W015,Idi-Oro,50,40
2026-03-10,T15,S01139,W015,Idi-Oro,234,186
2026-03-10,T15,S01209,W015,Idi-Oro,35,36
2026-03-10,T15,S01190,W015,Idi-Oro,625,577
2026-03-10,T15,S01199,W015,Idi-Oro,275,217
2026-03-10,T15,S01230,W015,Idi-Oro,24,15
2026-03-10,T15,S01109,W015,Idi-Oro,136,109
2026-03-10,T15,S01221,W015,Idi-Oro,871,887
2026-03-11,T15,S01100,W015,Idi-Oro,55,38
2026-03-11,T15,S01217,W015,Idi-Oro,42,42
2026-03-11,T15,S01101,W015,Idi-Oro,277,227
2026-03-11,T15,S01175,W015,Idi-Oro,52,33
2026-03-11,T15,S01136,W015,Idi-Oro,263,175
2026-03-11,T15,S01203,W015,Idi-Oro,362,220
2026-03-11,T15,S01153,W015,Idi-Oro,485,490
2026-03-11,T15,S01146,W015,Idi-Oro,108,77
2026-03-11,T15,S01229,W015,Idi-Oro,580,527
2026-03-11,T15,S01179,W015,Idi-Oro,603,531
2026-03-11,T15,S01166,W015,Idi-Oro,46,39
2026-03-11,T15,S01131,W015,Idi-Oro,771,541
2026-03-11,T15,S01164,W015,Idi-Oro,877,615
2026-03-11,T15,S01114,W015,Idi-Oro,242,255
2026-03-11,T15,S01212,W015,Idi-Oro,40,28
2026-03-11,T15,S01167,W015,Idi-Oro,25,14
2026-03-11,T15,S01165,W015,Idi-Oro,102,88
2026-03-11,T15,S01171,W015,Idi-Oro,21,19
2026-03-11,T15,S01184,W015,Idi-Oro,93,76
2026-03-11,T15,S01135,W015,Idi-Oro,44,35
2026-03-11,T15,S01148,W015,Idi-Oro,122,78
2026-03-11,T15,S01113,W015,Idi-Oro,47,48
2026-03-12,T15,S01110,W015,Idi-Oro,62,41
2026-03-12,T15,S01115,W015,Idi-Oro,175,141
2026-03-12,T15,S01181,W015,Idi-Oro,47,45
2026-03-12,T15,S01211,W015,Idi-Oro,103,88
2026-03-12,T15,S01180,W015,Idi-Oro,147,95
2026-03-12,T15,S01154,W015,Idi-Oro,164,153
2026-03-12,T15,S01125,W015,Idi-Oro,112,77
2026-03-12,T15,S01102,W015,Idi-Oro,340,246
2026-03-12,T15,S01140,W015,Idi-Oro,18,10
2026-03-12,T15,S01202,W015,Idi-Oro,145,125
2026-03-12,T15,S01178,W015,Idi-Oro,80,81
2026-03-12,T15,S01210,W015,Idi-Oro,410,330
2026-03-12,T15,S01204,W015,Idi-Oro,153,96
2026-03-12,T15,S01160,W015,Idi-Oro,167,102
2026-03-12,T15,S01151,W015,Idi-Oro,346,210
2026-03-12,T15,S01196,W015,Idi-Oro,49,28
2026-03-12,T15,S01104,W015,Idi-Oro,66,50
2026-03-12,T15,S01192,W015,Idi-Oro,164,171
2026-03-12,T15,S01169,W015,Idi-Oro,391,384
2026-03-12,T15,S01106,W015,Idi-Oro,583,374
2026-03-12,T15,S01224,W015,Idi-Oro,114,82
2026-03-12,T15,S01168,W015,Idi-Oro,198,121
2026-03-13,T15,S01105,W015,Idi-Oro,33,31
2026-03-13,T15,S01176,W015,Idi-Oro,22,21
2026-03-13,T15,S01208,W015,Idi-Oro,28,29
2026-03-13,T15,S01157,W015,Idi-Oro,428,376
2026-03-13,T15,S01163,W015,Idi-Oro,271,262
2026-03-13,T15,S01143,W015,Idi-Oro,131,88
2026-03-13,T15,S01108,W015,Idi-Oro,34,34
2026-03-13,T15,S01189,W015,Idi-Oro,165,103
2026-03-13,T15,S01194,W015,Idi-Oro,575,431
2026-03-13,T15,S01137,W015,Idi-Oro,29,23
2026-03-13,T15,S01226,W015,Idi-Oro,461,380
2026-03-13,T15,S01112,W015,Idi-Oro,471,301
2026-03-13,T15,S01122,W015,Idi-Oro,475,484
2026-03-13,T15,S01111,W015,Idi-Oro,116,112
2026-03-13,T15,S01130,W015,Idi-Oro,104,86
2026-03-13,T15,S01159,W015,Idi-Oro,85,68
2026-03-13,T15,S01149,W015,Idi-Oro,809,499
2026-03-13,T15,S01205,W015,Idi-Oro,75,59
2026-03-09,T16,S01250,W016,Gwarin,232,183
2026-03-09,T16,S01249,W016,Gwarin,59,57
2026-03-09,T16,S01274,W016,Gwarin,49,31
2026-03-09,T16,S01234,W016,Gwarin,30,19
2026-03-09,T16,S01263,W016,Gwarin,76,53
2026-03-09,T16,S01273,W016,Gwarin,17,16
2026-03-09,T16,S01247,W016,Gwarin,11,9
2026-03-09,T16,S01264,W016,Gwarin,23,20
2026-03-10,T16,S01248,W016,Gwarin,38,25
2026-03-10,T16,S01235,W016,Gwarin,21,13
2026-03-10,T16,S01254,W016,Gwarin,18,18
2026-03-10,T16,S01257,W016,Gwarin,32,28
2026-03-10,T16,S01269,W016,Gwarin,32,32
2026-03-10,T16,S01253,W016,Gwarin,105,108
2026-03-10,T16,S01251,W016,Gwarin,54,42
2026-03-10,T16,S01260,W016,Gwarin,37,29
2026-03-11,T16,S01255,W016,Gwarin,128,117
2026-03-11,T16,S01266,W016,Gwarin,46,30
2026-03-11,T16,S01275,W016,Gwarin,38,31
2026-03-11,T16,S01262,W016,Gwarin,96,71
2026-03-11,T16,S01245,W016,Gwarin,71,67
2026-03-11,T16,S01256,W016,Gwarin,132,103
2026-03-11,T16,S01239,W016,Gwarin,13,12
2026-03-11,T16,S01243,W016,Gwarin,62,44
2026-03-12,T16,S01241,W016,Gwarin,20,16
2026-03-12,T16,S01238,W016,Gwarin,33,31
2026-03-12,T16,S01268,W016,Gwarin,43,38
2026-03-12,T16,S01237,W016,Gwarin,174,169
2026-03-12,T16,S01276,W016,Gwarin,23,20
2026-03-12,T16,S01231,W016,Gwarin,42,25
2026-03-12,T16,S01277,W016,Gwarin,26,23
2026-03-12,T16,S01267,W016,Gwarin,31,26
2026-03-13,T16,S01240,W016,Gwarin,94,82
2026-03-13,T16,S01261,W016,Gwarin,49,39
2026-03-13,T16,S01271,W016,Gwarin,45,26
2026-03-13,T16,S01270,W016,Gwarin,16,11
2026-03-13,T16,S01252,W016,Gwarin,22,21
2026-03-13,T16,S01246,W016,Gwarin,11,10
2026-03-13,T16,S01236,W016,Gwarin,39,34
2026-03-09,T17,S01317,W017,Katsuma,88,288
2026-03-09,T17,S01298,W017,Katsuma,8,6
2026-03-09,T17,S01304,W017,Katsuma,73,55
2026-03-09,T17,S01295,W017,Katsuma,28,27
2026-03-09,T17,S01307,W017,Katsuma,49,35
2026-03-09,T17,S01287,W017,Katsuma,14,8
2026-03-09,T17,S01315,W017,Katsuma,44,36
2026-03-10,T17,S01311,W017,Katsuma,73,59
2026-03-10,T17,S01288,W017,Katsuma,123,122
2026-03-10,T17,S01313,W017,Katsuma,168,134
2026-03-10,T17,S01294,W017,Katsuma,159,138
2026-03-10,T17,S01291,W017,Katsuma,28,28
2026-03-10,T17,S01301,W017,Katsuma,52,49
2026-03-10,T17,S01289,W017,Katsuma,12,9
2026-03-11,T17,S01279,W017,Katsuma,23,16
2026-03-11,T17,S01299,W017,Katsuma,114,66
2026-03-11,T17,S01318,W017,Katsuma,18,14
2026-03-11,T17,S01320,W017,Katsuma,75,69
2026-03-11,T17,S01290,W017,Katsuma,10,9
2026-03-11,T17,S01293,W017,Katsuma,15,15
2026-03-11,T17,S01278,W017,Katsuma,25,23
2026-03-12,T17,S01302,W017,Katsuma,60,36
2026-03-12,T17,S01310,W017,Katsuma,14,14
2026-03-12,T17,S01312,W017,Katsuma,74,76
2026-03-12,T17,S01309,W017,Katsuma,111,97
2026-03-12,T17,S01282,W017,Katsuma,21,20
2026-03-12,T17,S01314,W017,Katsuma,116,96
2026-03-12,T17,S01283,W017,Katsuma,72,43
2026-03-13,T17,S01296,W017,Katsuma,75,62
2026-03-13,T17,S01305,W017,Katsuma,7,4
2026-03-13,T17,S01284,W017,Katsuma,19,11
2026-03-09,T18,S01362,W018,Gwarin,54,31
2026-03-09,T18,S01345,W018,Gwarin,23,14
2026-03-09,T18,S01332,W018,Gwarin,18,11
2026-03-09,T18,S01367,W018,Gwarin,43,41
2026-03-09,T18,S01347,W018,Gwarin,65,36
2026-03-09,T18,S01351,W018,Gwarin,9,8
2026-03-09,T18,S01324,W018,Gwarin,16,10
2026-03-09,T18,S01336,W018,Gwarin,17,16
2026-03-09,T18,S01331,W018,Gwarin,58,34
2026-03-09,T18,S01341,W018,Gwarin,14,9
2026-03-10,T18,S01344,W018,Gwarin,18,16
2026-03-10,T18,S01357,W018,Gwarin,8,7
2026-03-10,T18,S01361,W018,Gwarin,36,29
2026-03-10,T18,S01370,W018,Gwarin,19,18
2026-03-10,T18,S01366,W018,Gwarin,17,15
2026-03-10,T18,S01328,W018,Gwarin,22,18
2026-03-10,T18,S01359,W018,Gwarin,21,16
2026-03-10,T18,S01352,W018,Gwarin,84,51
2026-03-10,T18,S01350,W018,Gwarin,20,14
2026-03-10,T18,S01356,W018,Gwarin,29,27
2026-03-11,T18,S01323,W018,Gwarin,82,60
2026-03-11,T18,S01343,W018,Gwarin,82,86
2026-03-11,T18,S01330,W018,Gwarin,28,16
2026-03-11,T18,S01353,W018,Gwarin,119,70
2026-03-11,T18,S01354,W018,Gwarin,29,22
2026-03-11,T18,S01337,W018,Gwarin,65,58
2026-03-11,T18,S01368,W018,Gwarin,38,36
2026-03-11,T18,S01348,W018,Gwarin,33,30
2026-03-11,T18,S01364,W018,Gwarin,24,16
2026-03-11,T18,S01358,W018,Gwarin,18,13
2026-03-12,T18,S01338,W018,Gwarin,60,47
2026-03-12,T18,S01355,W018,Gwarin,22,20
2026-03-12,T18,S01334,W018,Gwarin,20,21
2026-03-12,T18,S01335,W018,Gwarin,13,9
2026-03-12,T18,S01342,W018,Gwarin,34,34
2026-03-12,T18,S01327,W018,Gwarin,189,110
2026-03-12,T18,S01365,W018,Gwarin,3,2
2026-03-12,T18,S01329,W018,Gwarin,10,10
2026-03-12,T18,S01340,W018,Gwarin,92,56
2026-03-12,T18,S01346,W018,Gwarin,42,35
2026-03-13,T18,S01326,W018,Gwarin,31,28
2026-03-13,T18,S01363,W018,Gwarin,127,106
2026-03-13,T18,S01322,W018,Gwarin,14,9
2026-03-13,T18,S01369,W018,Gwarin,80,53
2026-03-13,T18,S01349,W018,Gwarin,15,11
2026-03-13,T18,S01339,W018,Gwarin,26,17
2026-03-09,T19,S01372,W019,Ilela,6,5
2026-03-09,T19,S01382,W019,Ilela,70,52
2026-03-09,T19,S01393,W019,Ilela,13,9
2026-03-09,T19,S01410,W019,Ilela,25,15
2026-03-09,T19,S01399,W019,Ilela,15,10
2026-03-09,T19,S01383,W019,Ilela,202,138
2026-03-09,T19,S01384,W019,Ilela,129,82
2026-03-09,T19,S01380,W019,Ilela,180,155
2026-03-09,T19,S01373,W019,Ilela,42,25
2026-03-09,T19,S01416,W019,Ilela,9,8
2026-03-10,T19,S01394,W019,Ilela,18,14
2026-03-10,T19,S01401,W019,Ilela,24,18
2026-03-10,T19,S01412,W019,Ilela,24,19
2026-03-10,T19,S01422,W019,Ilela,18,17
2026-03-10,T19,S01374,W019,Ilela,36,36
2026-03-10,T19,S01414,W019,Ilela,49,45
2026-03-10,T19,S01395,W019,Ilela,4,4
2026-03-10,T19,S01388,W019,Ilela,22,23
2026-03-10,T19,S01408,W019,Ilela,44,36
2026-03-10,T19,S01402,W019,Ilela,6,6
2026-03-11,T19,S01392,W019,Ilela,56,54
2026-03-11,T19,S01417,W019,Ilela,14,12
2026-03-11,T19,S01378,W019,Ilela,12,8
2026-03-11,T19,S01397,W019,Ilela,48,38
2026-03-11,T19,S01389,W019,Ilela,18,17
2026-03-11,T19,S01421,W019,Ilela,94,81
2026-03-11,T19,S01403,W019,Ilela,21,20
2026-03-11,T19,S01398,W019,Ilela,53,36
2026-03-11,T19,S01381,W019,Ilela,9,7
2026-03-11,T19,S01390,W019,Ilela,138,90
2026-03-12,T19,S01423,W019,Ilela,7,7
2026-03-12,T19,S01376,W019,Ilela,36,22
2026-03-12,T19,S01386,W019,Ilela,42,30
2026-03-12,T19,S01379,W019,Ilela,62,40
2026-03-12,T19,S01409,W019,Ilela,31,25
2026-03-12,T19,S01385,W019,Ilela,43,34
2026-03-12,T19,S01391,W019,Ilela,14,10
2026-03-12,T19,S01400,W019,Ilela,9,8
2026-03-12,T19,S01406,W019,Ilela,24,18
2026-03-12,T19,S01396,W019,Ilela,33,32
2026-03-13,T19,S01375,W019,Ilela,29,17
2026-03-13,T19,S01371,W019,Ilela,44,29
2026-03-13,T19,S01413,W019,Ilela,16,11
2026-03-13,T19,S01418,W019,Ilela,70,73
2026-03-13,T19,S01407,W019,Ilela,45,40
2026-03-13,T19,S01420,W019,Ilela,20,14
2026-03-13,T19,S01419,W019,Ilela,19,12
2026-03-13,T19,S01405,W019,Ilela,19,15
2026-03-13,T19,S01404,W019,Ilela,4,2
2026-03-09,T20,S01433,W020,Idi-Oro,96,101
2026-03-09,T20,S01484,W020,Idi-Oro,842,876
2026-03-09,T20,S01499,W020,Idi-Oro,436,443
2026-03-09,T20,S01513,W020,Idi-Oro,65,56
2026-03-09,T20,S01431,W020,Idi-Oro,33,32
2026-03-09,T20,S01456,W020,Idi-Oro,42,26
2026-03-09,T20,S01510,W020,Idi-Oro,289,261
2026-03-09,T20,S01444,W020,Idi-Oro,704,726
2026-03-09,T20,S01481,W020,Idi-Oro,89,52
2026-03-09,T20,S01501,W020,Idi-Oro,71,46
2026-03-09,T20,S01506,W020,Idi-Oro,66,69
2026-03-09,T20,S01435,W020,Idi-Oro,76,56
2026-03-09,T20,S01452,W020,Idi-Oro,34,23
2026-03-09,T20,S01427,W020,Idi-Oro,241,212
2026-03-09,T20,S01467,W020,Idi-Oro,63,40
2026-03-09,T20,S01432,W020,Idi-Oro,617,621
2026-03-10,T20,S01451,W020,Idi-Oro,262,217
2026-03-10,T20,S01505,W020,Idi-Oro,141,119
2026-03-10,T20,S01442,W020,Idi-Oro,50,42
2026-03-10,T20,S01449,W020,Idi-Oro,163,157
2026-03-10,T20,S01461,W020,Idi-Oro,18,13
2026-03-10,T20,S01488,W020,Idi-Oro,204,119
2026-03-10,T20,S01443,W020,Idi-Oro,291,268
2026-03-10,T20,S01500,W020,Idi-Oro,37,29
2026-03-10,T20,S01455,W020,Idi-Oro,446,325
2026-03-10,T20,S01457,W020,Idi-Oro,112,103
2026-03-10,T20,S01464,W020,Idi-Oro,23,19
2026-03-10,T20,S01459,W020,Idi-Oro,123,104
2026-03-10,T20,S01465,W020,Idi-Oro,45,33
2026-03-10,T20,S01475,W020,Idi-Oro,72,60
2026-03-10,T20,S01508,W020,Idi-Oro,26,16
2026-03-10,T20,S01498,W020,Idi-Oro,127,109
2026-03-11,T20,S01446,W020,Idi-Oro,153,87
2026-03-11,T20,S01454,W020,Idi-Oro,552,500
2026-03-11,T20,S01504,W020,Idi-Oro,48,44
2026-03-11,T20,S01468,W020,Idi-Oro,122,121
2026-03-11,T20,S01458,W020,Idi-Oro,30,24
2026-03-11,T20,S01426,W020,Idi-Oro,28,24
2026-03-11,T20,S01492,W020,Idi-Oro,16,16
2026-03-11,T20,S01491,W020,Idi-Oro,180,103
2026-03-11,T20,S01437,W020,Idi-Oro,11,8
2026-03-11,T20,S01490,W020,Idi-Oro,318,286
2026-03-11,T20,S01450,W020,Idi-Oro,1036,661
2026-03-11,T20,S01436,W020,Idi-Oro,104,59
2026-03-11,T20,S01448,W020,Idi-Oro,18,19
2026-03-11,T20,S01477,W020,Idi-Oro,74,58
2026-03-11,T20,S01469,W020,Idi-Oro,201,190
2026-03-11,T20,S01466,W020,Idi-Oro,85,79
2026-03-12,T20,S01429,W020,Idi-Oro,21,15
2026-03-12,T20,S01497,W020,Idi-Oro,91,80
2026-03-12,T20,S01434,W020,Idi-Oro,330,336
2026-03-12,T20,S01430,W020,Idi-Oro,9,9
2026-03-12,T20,S01439,W020,Idi-Oro,457,344
2026-03-12,T20,S01494,W020,Idi-Oro,76,47
2026-03-12,T20,S01503,W020,Idi-Oro,24,16
2026-03-12,T20,S01476,W020,Idi-Oro,55,41
2026-03-12,T20,S01480,W020,Idi-Oro,475,342
2026-03-12,T20,S01453,W020,Idi-Oro,248,165
2026-03-12,T20,S01428,W020,Idi-Oro,22,13
2026-03-12,T20,S01493,W020,Idi-Oro,147,134
2026-03-12,T20,S01424,W020,Idi-Oro,132,88
2026-03-12,T20,S01441,W020,Idi-Oro,167,166
2026-03-12,T20,S01483,W020,Idi-Oro,179,187
2026-03-12,T20,S01447,W020,Idi-Oro,54,31
2026-03-13,T20,S01478,W020,Idi-Oro,198,177
2026-03-13,T20,S01507,W020,Idi-Oro,346,362
2026-03-13,T20,S01425,W020,Idi-Oro,176,115
2026-03-13,T20,S01438,W020,Idi-Oro,71,67
2026-03-13,T20,S01512,W020,Idi-Oro,433,267
2026-03-13,T20,S01489,W020,Idi-Oro,95,86
2026-03-13,T20,S01487,W020,Idi-Oro,82,86
2026-03-13,T20,S01479,W020,Idi-Oro,458,458
2026-03-13,T20,S01460,W020,Idi-Oro,47,32
2026-03-13,T20,S01470,W020,Idi-Oro,44,45
2026-03-13,T20,S01462,W020,Idi-Oro,46,39
2026-03-13,T20,S01445,W020,Idi-Oro,86,48
2026-03-09,T21,S01519,W021,Gwarin,69,62
2026-03-09,T21,S01528,W021,Gwarin,37,25
2026-03-09,T21,S01541,W021,Gwarin,60,61
2026-03-09,T21,S01525,W021,Gwarin,36,25
2026-03-09,T21,S01518,W021,Gwarin,42,23
2026-03-09,T21,S01537,W021,Gwarin,44,33
2026-03-09,T21,S01550,W021,Gwarin,36,34
2026-03-10,T21,S01536,W021,Gwarin,20,16
2026-03-10,T21,S01516,W021,Gwarin,18,18
2026-03-10,T21,S01552,W021,Gwarin,8,5
2026-03-10,T21,S01540,W021,Gwarin,183,182
2026-03-10,T21,S01534,W021,Gwarin,40,31
2026-03-10,T21,S01515,W021,Gwarin,18,17
2026-03-10,T21,S01524,W021,Gwarin,59,48
2026-03-11,T21,S01514,W021,Gwarin,48,38
2026-03-11,T21,S01521,W021,Gwarin,5,5
2026-03-11,T21,S01553,W021,Gwarin,10,9
2026-03-11,T21,S01549,W021,Gwarin,15,13
2026-03-11,T21,S01532,W021,Gwarin,158,167
2026-03-11,T21,S01533,W021,Gwarin,25,18
2026-03-11,T21,S01554,W021,Gwarin,87,91
2026-03-12,T21,S01547,W021,Gwarin,30,29
2026-03-12,T21,S01551,W021,Gwarin,28,26
2026-03-12,T21,S01539,W021,Gwarin,20,13
2026-03-12,T21,S01526,W021,Gwarin,34,20
2026-03-12,T21,S01544,W021,Gwarin,46,45
2026-03-12,T21,S01546,W021,Gwarin,39,35
2026-03-12,T21,S01531,W021,Gwarin,124,131
2026-03-13,T21,S01529,W021,Gwarin,85,73
2026-03-13,T21,S01548,W021,Gwarin,21,20
2026-03-13,T21,S01527,W021,Gwarin,30,31
2026-03-13,T21,S01520,W021,Gwarin,15,12
2026-03-09,T22,S01564,W022,Katsuma,124,102
2026-03-09,T22,S01581,W022,Katsuma,58,35
2026-03-09,T22,S01565,W022,Katsuma,133,77
2026-03-09,T22,S01560,W022,Katsuma,24,24
2026-03-10,T22,S01579,W022,Katsuma,173,169
2026-03-10,T22,S01582,W022,Katsuma,8,6
2026-03-10,T22,S01557,W022,Katsuma,29,23
2026-03-10,T22,S01558,W022,Katsuma,12,10
2026-03-11,T22,S01586,W022,Katsuma,29,22
2026-03-11,T22,S01569,W022,Katsuma,25,22
2026-03-11,T22,S01583,W022,Katsuma,15,11
2026-03-11,T22,S01563,W022,Katsuma,49,39
2026-03-12,T22,S01561,W022,Katsuma,59,49
2026-03-12,T22,S01559,W022,Katsuma,34,24
2026-03-12,T22,S01568,W022,Katsuma,41,36
2026-03-12,T22,S01578,W022,Katsuma,41,34
2026-03-13,T22,S01585,W022,Katsuma,91,96
2026-03-13,T22,S01574,W022,Katsuma,146,81
2026-03-09,T23,S01613,W023,Katsuma,34,31
2026-03-09,T23,S01634,W023,Katsuma,16,12
2026-03-09,T23,S01612,W023,Katsuma,78,55
2026-03-09,T23,S01606,W023,Katsuma,367,224
2026-03-09,T23,S01605,W023,Katsuma,5,3
2026-03-09,T23,S01599,W023,Katsuma,48,33
2026-03-09,T23,S01618,W023,Katsuma,20,17
2026-03-10,T23,S01608,W023,Katsuma,5,5
2026-03-10,T23,S01607,W023,Katsuma,35,27
2026-03-10,T23,S01633,W023,Katsuma,11,7
2026-03-10,T23,S01624,W023,Katsuma,21,15
2026-03-10,T23,S01615,W023,Katsuma,68,38
2026-03-10,T23,S01621,W023,Katsuma,20,12
2026-03-10,T23,S01610,W023,Katsuma,39,36
2026-03-11,T23,S01629,W023,Katsuma,79,81
2026-03-11,T23,S01594,W023,Katsuma,82,49
2026-03-11,T23,S01590,W023,Katsuma,54,44
2026-03-11,T23,S01628,W023,Katsuma,62,64
2026-03-11,T23,S01602,W023,Katsuma,128,121
2026-03-11,T23,S01609,W023,Katsuma,33,28
2026-03-11,T23,S01619,W023,Katsuma,54,41
2026-03-12,T23,S01604,W023,Katsuma,12,8
2026-03-12,T23,S01623,W023,Katsuma,13,14
2026-03-12,T23,S01635,W023,Katsuma,250,171
2026-03-12,T23,S01603,W023,Katsuma,9,8
2026-03-12,T23,S01593,W023,Katsuma,48,30
2026-03-12,T23,S01596,W023,Katsuma,60,43
2026-03-12,T23,S01591,W023,Katsuma,39,26
2026-03-13,T23,S01625,W023,Katsuma,60,64
2026-03-13,T23,S01616,W023,Katsuma,31,19
2026-03-13,T23,S01592,W023,Katsuma,15,13
2026-03-09,T24,S01659,W024,Ilela,17,13
2026-03-09,T24,S01644,W024,Ilela,11,9
2026-03-09,T24,S01662,W024,Ilela,37,29
2026-03-09,T24,S01647,W024,Ilela,47,40
2026-03-09,T24,S01648,W024,Ilela,89,65
2026-03-09,T24,S01641,W024,Ilela,121,81
2026-03-09,T24,S01646,W024,Ilela,121,110
2026-03-10,T24,S01642,W024,Ilela,17,15
2026-03-10,T24,S01666,W024,Ilela,3,3
2026-03-10,T24,S01653,W024,Ilela,68,45
2026-03-10,T24,S01664,W024,Ilela,16,11
2026-03-10,T24,S01645,W024,Ilela,63,53
2026-03-10,T24,S01663,W024,Ilela,25,18
2026-03-10,T24,S01658,W024,Ilela,76,67
2026-03-11,T24,S01665,W024,Ilela,44,32
2026-03-11,T24,S01654,W024,Ilela,102,66
2026-03-11,T24,S01660,W024,Ilela,83,84
2026-03-11,T24,S01637,W024,Ilela,30,31
2026-03-11,T24,S01669,W024,Ilela,7,6
2026-03-11,T24,S01636,W024,Ilela,71,51
2026-03-11,T24,S01652,W024,Ilela,65,62
2026-03-12,T24,S01651,W024,Ilela,64,48
2026-03-12,T24,S01661,W024,Ilela,36,25
2026-03-12,T24,S01649,W024,Ilela,146,133
2026-03-12,T24,S01639,W024,Ilela,120,74
2026-03-12,T24,S01667,W024,Ilela,19,19
2026-03-12,T24,S01655,W024,Ilela,127,119
2026-03-12,T24,S01656,W024,Ilela,40,40
2026-03-13,T24,S01650,W024,Ilela,27,16
2026-03-13,T24,S01640,W024,Ilela,49,28
2026-03-13,T24,S01670,W024,Ilela,40,42
2026-03-09,T26,S01732,W026,Katsuma,43,26
2026-03-09,T26,S01729,W026,Katsuma,52,39
2026-03-09,T26,S01714,W026,Katsuma,26,18
2026-03-09,T26,S01751,W026,Katsuma,22,17
2026-03-09,T26,S01737,W026,Katsuma,40,29
2026-03-09,T26,S01746,W026,Katsuma,53,37
2026-03-09,T26,S01747,W026,Katsuma,47,36
2026-03-09,T26,S01721,W026,Katsuma,81,84
2026-03-10,T26,S01719,W026,Katsuma,12,12
2026-03-10,T26,S01743,W026,Katsuma,10,6
2026-03-10,T26,S01748,W026,Katsuma,48,34
2026-03-10,T26,S01728,W026,Katsuma,5,4
2026-03-10,T26,S01717,W026,Katsuma,13,8
2026-03-10,T26,S01718,W026,Katsuma,80,47
2026-03-10,T26,S01725,W026,Katsuma,27,18
2026-03-10,T26,S01710,W026,Katsuma,118,77
2026-03-11,T26,S01726,W026,Katsuma,20,13
2026-03-11,T26,S01733,W026,Katsuma,78,75
2026-03-11,T26,S01744,W026,Katsuma,70,41
2026-03-11,T26,S01713,W026,Katsuma,85,83
2026-03-11,T26,S01708,W026,Katsuma,156,123
2026-03-11,T26,S01742,W026,Katsuma,16,9
2026-03-11,T26,S01740,W026,Katsuma,22,21
2026-03-11,T26,S01722,W026,Katsuma,52,54
2026-03-12,T26,S01734,W026,Katsuma,60,36
2026-03-12,T26,S01731,W026,Katsuma,40,28
2026-03-12,T26,S01707,W026,Katsuma,17,11
2026-03-12,T26,S01724,W026,Katsuma,35,33
2026-03-12,T26,S01741,W026,Katsuma,74,69
2026-03-12,T26,S01716,W026,Katsuma,84,47
2026-03-12,T26,S01738,W026,Katsuma,96,89
2026-03-12,T26,S01709,W026,Katsuma,65,49
2026-03-13,T26,S01745,W026,Katsuma,21,14
2026-03-13,T26,S01752,W026,Katsuma,29,24
2026-03-13,T26,S01749,W026,Katsuma,47,27
2026-03-13,T26,S01753,W026,Katsuma,18,11
2026-03-13,T26,S01730,W026,Katsuma,75,79
2026-03-13,T26,S01720,W026,Katsuma,11,11
2026-03-09,T27,S01773,W027,Katsuma,35,36
2026-03-09,T27,S01758,W027,Katsuma,11,8
2026-03-09,T27,S01778,W027,Katsuma,3,3
2026-03-09,T27,S01788,W027,Katsuma,24,17
2026-03-09,T27,S01756,W027,Katsuma,60,56
2026-03-09,T27,S01783,W027,Katsuma,35,36
2026-03-10,T27,S01776,W027,Katsuma,36,37
2026-03-10,T27,S01779,W027,Katsuma,77,51
2026-03-10,T27,S01759,W027,Katsuma,66,52
2026-03-10,T27,S01774,W027,Katsuma,55,51
2026-03-10,T27,S01755,W027,Katsuma,27,21
2026-03-10,T27,S01762,W027,Katsuma,19,18
2026-03-11,T27,S01780,W027,Katsuma,111,63
2026-03-11,T27,S01790,W027,Katsuma,6,6
2026-03-11,T27,S01772,W027,Katsuma,25,22
2026-03-11,T27,S01763,W027,Katsuma,72,70
2026-03-11,T27,S01791,W027,Katsuma,62,62
2026-03-11,T27,S01784,W027,Katsuma,44,42
2026-03-12,T27,S01766,W027,Katsuma,166,114
2026-03-12,T27,S01771,W027,Katsuma,66,55
2026-03-12,T27,S01770,W027,Katsuma,17,12
2026-03-12,T27,S01765,W027,Katsuma,89,65
2026-03-12,T27,S01787,W027,Katsuma,9,5
2026-03-12,T27,S01767,W027,Katsuma,104,85
2026-03-13,T27,S01789,W027,Katsuma,21,18
2026-03-13,T27,S01764,W027,Katsuma,176,101
2026-03-13,T27,S01777,W027,Katsuma,24,22
2026-03-13,T27,S01781,W027,Katsuma,20,13
2026-03-13,T27,S01775,W027,Katsuma,8,6
2026-03-13,T27,S01785,W027,Katsuma,14,9
2026-03-09,T28,S01842,W028,Ilela,4,2
2026-03-09,T28,S01816,W028,Ilela,7,4
2026-03-09,T28,S01826,W028,Ilela,112,113
2026-03-09,T28,S01820,W028,Ilela,17,17
2026-03-09,T28,S01801,W028,Ilela,39,26
2026-03-09,T28,S01808,W028,Ilela,14,10
2026-03-09,T28,S01795,W028,Ilela,14,10
2026-03-09,T28,S01794,W028,Ilela,45,31
2026-03-09,T28,S01811,W028,Ilela,95,72
2026-03-09,T28,S01843,W028,Ilela,18,16
2026-03-10,T28,S01804,W028,Ilela,11,10
2026-03-10,T28,S01827,W028,Ilela,65,64
2026-03-10,T28,S01823,W028,Ilela,56,48
2026-03-10,T28,S01805,W028,Ilela,16,15
2026-03-10,T28,S01831,W028,Ilela,21,14
2026-03-10,T28,S01839,W028,Ilela,50,31
2026-03-10,T28,S01806,W028,Ilela,12,10
2026-03-10,T28,S01800,W028,Ilela,37,36
2026-03-10,T28,S01809,W028,Ilela,37,38
2026-03-10,T28,S01812,W028,Ilela,17,15
2026-03-11,T28,S01792,W028,Ilela,117,107
2026-03-11,T28,S01841,W028,Ilela,72,71
2026-03-11,T28,S01830,W028,Ilela,27,24
2026-03-11,T28,S01817,W028,Ilela,40,34
2026-03-11,T28,S01834,W028,Ilela,24,23
2026-03-11,T28,S01833,W028,Ilela,46,47
2026-03-11,T28,S01821,W028,Ilela,35,22
2026-03-11,T28,S01796,W028,Ilela,92,81
2026-03-11,T28,S01799,W028,Ilela,158,166
2026-03-11,T28,S01825,W028,Ilela,62,55
2026-03-12,T28,S01832,W028,Ilela,63,43
2026-03-12,T28,S01840,W028,Ilela,39,25
2026-03-12,T28,S01836,W028,Ilela,40,41
2026-03-12,T28,S01793,W028,Ilela,105,65
2026-03-12,T28,S01797,W028,Ilela,93,97
2026-03-12,T28,S01798,W028,Ilela,81,72
2026-03-12,T28,S01829,W028,Ilela,103,89
2026-03-12,T28,S01818,W028,Ilela,27,20
2026-03-12,T28,S01828,W028,Ilela,112,97
2026-03-12,T28,S01824,W028,Ilela,40,27
2026-03-13,T28,S01819,W028,Ilela,109,76
2026-03-13,T28,S01835,W028,Ilela,45,39
2026-03-13,T28,S01822,W028,Ilela,36,30
2026-03-13,T28,S01837,W028,Ilela,10,8
2026-03-13,T28,S01807,W028,Ilela,72,66
2026-03-13,T28,S01803,W028,Ilela,199,185
2026-03-13,T28,S01810,W028,Ilela,14,9
2026-03-13,T28,S01815,W028,Ilela,65,41
2026-03-13,T28,S01813,W028,Ilela,19,18
2026-03-09,T29,S01916,W029,Ilela,116,94
2026-03-09,T29,S01878,W029,Ilela,59,36
2026-03-09,T29,S01899,W029,Ilela,78,46
2026-03-09,T29,S01875,W029,Ilela,47,46
2026-03-09,T29,S01918,W029,Ilela,29,28
2026-03-09,T29,S01923,W029,Ilela,24,18
2026-03-09,T29,S01846,W029,Ilela,13,11
2026-03-09,T29,S01913,W029,Ilela,127,98
2026-03-09,T29,S01903,W029,Ilela,69,54
2026-03-09,T29,S01880,W029,Ilela,40,39
2026-03-09,T29,S01894,W029,Ilela,97,68
2026-03-09,T29,S01896,W029,Ilela,18,14
2026-03-09,T29,S01877,W029,Ilela,10,10
2026-03-09,T29,S01887,W029,Ilela,3,2
2026-03-09,T29,S01860,W029,Ilela,63,35
2026-03-10,T29,S01847,W029,Ilela,90,61
2026-03-10,T29,S01886,W029,Ilela,47,38
2026-03-10,T29,S01908,W029,Ilela,102,66
2026-03-10,T29,S01869,W029,Ilela,70,48
2026-03-10,T29,S01876,W029,Ilela,28,28
2026-03-10,T29,S01900,W029,Ilela,27,16
2026-03-10,T29,S01915,W029,Ilela,114,78
2026-03-10,T29,S01895,W029,Ilela,71,47
2026-03-10,T29,S01851,W029,Ilela,44,31
2026-03-10,T29,S01873,W029,Ilela,81,81
2026-03-10,T29,S01862,W029,Ilela,63,47
2026-03-10,T29,S01905,W029,Ilela,63,42
2026-03-10,T29,S01910,W029,Ilela,177,185
2026-03-10,T29,S01867,W029,Ilela,25,26
2026-03-10,T29,S01906,W029,Ilela,89,50
2026-03-11,T29,S01852,W029,Ilela,143,141
2026-03-11,T29,S01917,W029,Ilela,49,35
2026-03-11,T29,S01904,W029,Ilela,140,84
2026-03-11,T29,S01855,W029,Ilela,116,105
2026-03-11,T29,S01858,W029,Ilela,30,17
2026-03-11,T29,S01912,W029,Ilela,27,16
2026-03-11,T29,S01863,W029,Ilela,16,9
2026-03-11,T29,S01859,W029,Ilela,149,142
2026-03-11,T29,S01853,W029,Ilela,60,45
2026-03-11,T29,S01870,W029,Ilela,60,60
2026-03-11,T29,S01891,W029,Ilela,83,56
2026-03-11,T29,S01865,W029,Ilela,4,4
2026-03-11,T29,S01874,W029,Ilela,6,4
2026-03-11,T29,S01921,W029,Ilela,45,25
2026-03-11,T29,S01879,W029,Ilela,13,11
2026-03-12,T29,S01893,W029,Ilela,16,10
2026-03-12,T29,S01909,W029,Ilela,153,106
2026-03-12,T29,S01882,W029,Ilela,6,6
2026-03-12,T29,S01897,W029,Ilela,8,7
2026-03-12,T29,S01850,W029,Ilela,43,37
2026-03-12,T29,S01883,W029,Ilela,51,53
2026-03-12,T29,S01844,W029,Ilela,159,123
2026-03-12,T29,S01884,W029,Ilela,35,32
2026-03-12,T29,S01845,W029,Ilela,69,47
2026-03-12,T29,S01868,W029,Ilela,218,135
2026-03-12,T29,S01888,W029,Ilela,23,15
2026-03-12,T29,S01924,W029,Ilela,40,23
2026-03-12,T29,S01922,W029,Ilela,15,8
2026-03-12,T29,S01920,W029,Ilela,23,21
2026-03-12,T29,S01872,W029,Ilela,20,21
2026-03-13,T29,S01866,W029,Ilela,18,10
2026-03-13,T29,S01898,W029,Ilela,28,19
2026-03-13,T29,S01889,W029,Ilela,20,18
2026-03-13,T29,S01890,W029,Ilela,207,144
2026-03-13,T29,S01902,W029,Ilela,14,10
2026-03-13,T29,S01911,W029,Ilela,51,39
2026-03-13,T29,S01881,W029,Ilela,117,92
2026-03-13,T29,S01864,W029,Ilela,96,85
2026-03-13,T29,S01914,W029,Ilela,12,12
2026-03-13,T29,S01861,W029,Ilela,7,5
2026-03-13,T29,S01848,W029,Ilela,51,40
2026-03-13,T29,S01871,W029,Ilela,9,6
2026-03-13,T29,S01885,W029,Ilela,65,36
2026-03-13,T29,S01892,W029,Ilela,49,36
2026-03-13,T29,S01901,W029,Ilela,45,45
2026-03-09,T30,S01970,W030,Ilela,93,98
2026-03-09,T30,S01969,W030,Ilela,16,11
2026-03-09,T30,S01930,W030,Ilela,16,12
2026-03-09,T30,S01954,W030,Ilela,53,37
2026-03-09,T30,S01968,W030,Ilela,11,8
2026-03-09,T30,S01949,W030,Ilela,71,71
2026-03-09,T30,S01952,W030,Ilela,24,19
2026-03-09,T30,S01933,W030,Ilela,59,45
2026-03-09,T30,S01948,W030,Ilela,70,53
2026-03-09,T30,S01936,W030,Ilela,78,59
2026-03-09,T30,S01927,W030,Ilela,17,14
2026-03-10,T30,S01975,W030,Ilela,32,33
2026-03-10,T30,S01940,W030,Ilela,126,77
2026-03-10,T30,S01986,W030,Ilela,90,82
2026-03-10,T30,S01945,W030,Ilela,20,14
2026-03-10,T30,S01957,W030,Ilela,322,277
2026-03-10,T30,S01965,W030,Ilela,39,28
2026-03-10,T30,S01951,W030,Ilela,21,13
2026-03-10,T30,S01934,W030,Ilela,49,48
2026-03-10,T30,S01960,W030,Ilela,104,74
2026-03-10,T30,S01939,W030,Ilela,7,7
2026-03-10,T30,S01928,W030,Ilela,61,45
2026-03-11,T30,S01926,W030,Ilela,40,25
2026-03-11,T30,S01972,W030,Ilela,17,12
2026-03-11,T30,S01973,W030,Ilela,45,33
2026-03-11,T30,S01935,W030,Ilela,18,12
2026-03-11,T30,S01956,W030,Ilela,27,16
2026-03-11,T30,S01929,W030,Ilela,122,100
2026-03-11,T30,S01953,W030,Ilela,25,18
2026-03-11,T30,S01941,W030,Ilela,5,4
2026-03-11,T30,S01988,W030,Ilela,26,25
2026-03-11,T30,S01937,W030,Ilela,16,14
2026-03-11,T30,S01966,W030,Ilela,80,60
2026-03-12,T30,S01955,W030,Ilela,99,69
2026-03-12,T30,S01946,W030,Ilela,26,25
2026-03-12,T30,S01980,W030,Ilela,69,63
2026-03-12,T30,S01963,W030,Ilela,58,57
2026-03-12,T30,S01947,W030,Ilela,56,39
2026-03-12,T30,S01958,W030,Ilela,23,15
2026-03-12,T30,S01962,W030,Ilela,19,13
2026-03-12,T30,S01961,W030,Ilela,50,38
2026-03-12,T30,S01982,W030,Ilela,27,18
2026-03-12,T30,S01967,W030,Ilela,63,37
2026-03-12,T30,S01931,W030,Ilela,131,130
2026-03-13,T30,S01964,W030,Ilela,11,11
2026-03-13,T30,S01981,W030,Ilela,15,13
2026-03-13,T30,S01978,W030,Ilela,71,57
2026-03-13,T30,S01983,W030,Ilela,54,45
2026-03-13,T30,S01938,W030,Ilela,26,18
2026-03-13,T30,S01942,W030,Ilela,90,67
2026-03-13,T30,S01959,W030,Ilela,53,44
2026-03-13,T30,S01974,W030,Ilela,449,281
2026-03-13,T30,S01989,W030,Ilela,295,182
2026-03-13,T30,S01971,W030,Ilela,13,10
2026-03-13,T30,S01987,W030,Ilela,17,17
2026-03-09,T31,S02029,W031,Katsuma,8,6
2026-03-09,T31,S02003,W031,Katsuma,93,74
2026-03-09,T31,S02023,W031,Katsuma,17,13
2026-03-09,T31,S02034,W031,Katsuma,27,20
2026-03-09,T31,S02040,W031,Katsuma,48,36
2026-03-09,T31,S02025,W031,Katsuma,50,28
2026-03-10,T31,S02013,W031,Katsuma,55,38
2026-03-10,T31,S02037,W031,Katsuma,131,76
2026-03-10,T31,S02002,W031,Katsuma,69,46
2026-03-10,T31,S02001,W031,Katsuma,45,36
2026-03-10,T31,S02010,W031,Katsuma,30,18
2026-03-10,T31,S02006,W031,Katsuma,38,24
2026-03-11,T31,S02036,W031,Katsuma,15,14
2026-03-11,T31,S02026,W031,Katsuma,7,7
2026-03-11,T31,S02018,W031,Katsuma,50,36
2026-03-11,T31,S01993,W031,Katsuma,305,286
2026-03-11,T31,S02038,W031,Katsuma,18,15
2026-03-11,T31,S02047,W031,Katsuma,36,120
2026-03-12,T31,S02045,W031,Katsuma,76,79
2026-03-12,T31,S01999,W031,Katsuma,16,14
2026-03-12,T31,S02020,W031,Katsuma,73,48
2026-03-12,T31,S02014,W031,Katsuma,12,10
2026-03-12,T31,S02022,W031,Katsuma,16,10
2026-03-12,T31,S02015,W031,Katsuma,57,49
2026-03-13,T31,S02017,W031,Katsuma,118,120
2026-03-13,T31,S02021,W031,Katsuma,97,92
2026-03-13,T31,S02012,W031,Katsuma,24,16
2026-03-09,T32,S02079,W032,Ilela,34,26
2026-03-09,T32,S02065,W032,Ilela,73,61
2026-03-09,T32,S02087,W032,Ilela,64,67
2026-03-09,T32,S02097,W032,Ilela,18,13
2026-03-09,T32,S02069,W032,Ilela,122,96
2026-03-09,T32,S02068,W032,Ilela,49,35
2026-03-09,T32,S02082,W032,Ilela,29,22
2026-03-09,T32,S02098,W032,Ilela,15,14
2026-03-09,T32,S02066,W032,Ilela,99,73
2026-03-09,T32,S02056,W032,Ilela,41,25
2026-03-10,T32,S02055,W032,Ilela,63,36
2026-03-10,T32,S02085,W032,Ilela,69,48
2026-03-10,T32,S02071,W032,Ilela,65,40
2026-03-10,T32,S02062,W032,Ilela,57,54
2026-03-10,T32,S02077,W032,Ilela,43,34
2026-03-10,T32,S02061,W032,Ilela,62,65
2026-03-10,T32,S02088,W032,Ilela,87,69
2026-03-10,T32,S02075,W032,Ilela,135,108
2026-03-10,T32,S02072,W032,Ilela,20,18
2026-03-10,T32,S02053,W032,Ilela,25,21
2026-03-11,T32,S02092,W032,Ilela,9,9
2026-03-11,T32,S02054,W032,Ilela,73,49
2026-03-11,T32,S02067,W032,Ilela,22,17
2026-03-11,T32,S02081,W032,Ilela,62,40
2026-03-11,T32,S02089,W032,Ilela,12,8
2026-03-11,T32,S02073,W032,Ilela,27,19
2026-03-11,T32,S02070,W032,Ilela,89,91
2026-03-11,T32,S02095,W032,Ilela,9,9
2026-03-11,T32,S02084,W032,Ilela,27,17
2026-03-11,T32,S02093,W032,Ilela,48,28
2026-03-12,T32,S02063,W032,Ilela,126,94
2026-03-12,T32,S02096,W032,Ilela,32,30
2026-03-12,T32,S02049,W032,Ilela,12,11
2026-03-12,T32,S02086,W032,Ilela,38,23
2026-03-12,T32,S02057,W032,Ilela,57,44
2026-03-12,T32,S02099,W032,Ilela,40,36
2026-03-12,T32,S02058,W032,Ilela,38,25
2026-03-12,T32,S02051,W032,Ilela,33,23
2026-03-12,T32,S02091,W032,Ilela,33,24
2026-03-12,T32,S02064,W032,Ilela,207,168
2026-03-13,T32,S02060,W032,Ilela,40,32
2026-03-13,T32,S02090,W032,Ilela,39,28
2026-03-13,T32,S02078,W032,Ilela,96,80
2026-03-13,T32,S02094,W032,Ilela,12,10
2026-03-13,T32,S02080,W032,Ilela,4,4
2026-03-13,T32,S02083,W032,Ilela,105,61
2026-03-13,T32,S02076,W032,Ilela,57,53
2026-03-13,T32,S02074,W032,Ilela,18,17
2026-03-13,T32,S02052,W032,Ilela,6,6
